{"deltas": [-19.92399999999907, -24.693999999999505, -26.658000000003085, -11.43999999999869, -19.885999999998603, -19.123999999999796, -27.098000000001775, -41.43399999999747, -27.806000000000495, -12.70799999999872, -35.633999999998196, -8.309999999997672, -26.322000000000116, -38.85399999999936, -22.118000000002212, -21.74199999999837, -26.909999999999854, -28.988000000001193, -23.451999999997497, -19.360000000000582], "observed": -14.359, "observed_list": [13.775999999998021, -36.675999999999476, -54.39400000000023, -73.32600000000093, 0.6479999999974098, 19.287999999996828, -92.4900000000016, -33.89400000000023, -15.75, 29.925999999999476, 7.772000000000844, 18.48199999999997, -4.961999999999534, 30.67199999999866, -45.10200000000259, -16.229999999999563, -24.941999999999098, 58.659999999999854, -57.10199999999895, -11.537999999996828], "p-val": 0.2799237909575856}