{"deltas": [-23.332000000000335, -15.514000000001033, -14.332000000000335, -18.304000000000087, -20.409999999999854, -25.416000000001077, -26.45799999999872, -25.54399999999987, -4.264000000001033, -25.479999999999563, -15.380000000001019, -3.9500000000007276, -25.504000000000815, -21.98999999999978, -17.963999999999942, -15.739999999999782, -23.01800000000003, -12.254000000000815, -31.157999999999447, -10.53399999999965], "observed": 68.212, "observed_list": [53.51599999999962, 28.583999999998923, 67.12200000000121, 118.55400000000009, 82.7440000000006, 51.564000000000306, 69.32800000000134, 53.78200000000106, 48.858000000000175, 54.14400000000023, 60.8119999999999, 55.01199999999881, 143.4499999999989, 74.91400000000067, 59.52599999999984, 48.73000000000138, 51.572000000000116, 93.83400000000074, 84.02000000000044, 64.1760000000013], "p-val": 1.4429510401552718e-12}