{"deltas": [-21.331999999998516, -32.35399999999936, -25.797999999998865, -33.04199999999764, -32.36000000000058, -12.822000000000116, -65.35399999999936, -24.695999999999913, -31.691999999999098, -23.18999999999869, -6.722000000001572, -28.27400000000125, -22.575999999997293, -28.92199999999866, -31.62199999999939, -32.73199999999997, -20.745999999999185, -33.57600000000093, -43.175999999999476, -29.150000000001455], "observed": -9.819, "observed_list": [-6.403999999998632, -36.177999999999884, -45.76800000000003, 13.599999999998545, -6.486000000000786, -9.639999999999418, -0.2180000000007567, -47.93000000000029, -12.522000000000844, -16.38799999999901, -2.9540000000015425, -8.597999999998137, -10.159999999999854, -16.512000000002445, 17.65599999999904, -1.4539999999979045, -19.708000000002357, -16.849999999998545, 16.847999999998137, 13.29399999999805], "p-val": 0.0004250300751292914}