{"deltas": [0.6700000000000728, 1.1220000000002983, -0.4399999999995998, -1.4420000000000073, 2.532000000000153, -10.927999999999884, 1.7440000000005966, -0.8159999999998035, -1.8340000000007421, -2.0600000000004, -1.881999999999607, 0.6840000000001965, 0.10800000000017462, 1.050000000000182, -2.619999999999891, -1.0739999999996144, -2.1560000000008586, -2.5380000000004657, -2.5280000000002474, -0.8379999999997381], "observed": 7.192, "observed_list": [7.192000000000007, 7.192000000000007, 7.192000000000007, 7.192000000000007, 7.192000000000007, 7.192000000000007, 7.192000000000007, 7.192000000000007, 7.192000000000007, 7.192000000000007, 7.192000000000007, 7.192000000000007, 7.192000000000007, 7.192000000000007, 7.192000000000007, 7.192000000000007, 7.192000000000007, 7.192000000000007, 7.192000000000007, 7.192000000000007], "p-val": 3.440068220424936e-11}