{"deltas": [0.407999999999447, -0.11200000000008004, -0.9800000000004729, -0.24000000000069122, 0.07000000000061846, -0.5199999999995271, 1.1219999999993888, 3.5399999999999636, 0.7660000000005311, 0.42999999999938154, -1.9719999999997526, -0.8800000000001091, -2.766000000000531, 0.5739999999996144, 2.75, -5.222000000000662, -0.7179999999998472, -0.5180000000000291, -3.243999999999687, -0.47999999999956344], "observed": 10.448, "observed_list": [-14.988000000000284, 23.39800000000014, 10.740000000000691, 7.8179999999993015, 0.30599999999958527, 15.731999999999971, 7.8179999999993015, 7.8179999999993015, 12.949999999999818, 7.8179999999993015, 25.918000000000575, 25.918000000000575, -7.073999999999614, 15.731999999999971, 30.909999999999854, 12.949999999999818, 8.220000000000255, 0.30599999999958527, 8.332000000000335, 8.344000000000051], "p-val": 0.0003347412719466362}