{"deltas": [1.6739999999999782, 2.1159999999999854, -0.4360000000006039, 0.3419999999996435, -2.769999999999527, -0.5820000000003347, -1.5739999999996144, -0.17599999999947613, 1.8559999999997672, 0.047999999999774445, -2.286000000000058, 0.9639999999999418, 0.6420000000007349, -0.6220000000002983, 2.519999999999527, -0.6440000000002328, -2.3200000000006185, -0.3760000000002037, 0.36999999999989086, -2.7559999999994034], "observed": 1.58, "observed_list": [1.5799999999999272, 1.5799999999999272, 1.5799999999999272, 1.5799999999999272, 1.5799999999999272, 1.5799999999999272, 1.5799999999999272, 1.5799999999999272, 1.5799999999999272, 1.5799999999999272, 1.5799999999999272, 1.5799999999999272, 1.5799999999999272, 1.5799999999999272, 1.5799999999999272, 1.5799999999999272, 1.5799999999999272, 1.5799999999999272, 1.5799999999999272, 1.5799999999999272], "p-val": 7.533517638282783e-05}