{"deltas": [-26.623999999999796, -39.88000000000102, -39.47999999999956, -32.7980000000025, -24.364000000001397, -43.13799999999901, -10.312000000001717, -29.849999999998545, -30.191999999999098, -30.04399999999805, -31.083999999998923, -43.71399999999994, -17.85399999999936, -16.11200000000099, -26.166000000001077, -15.268000000000029, -18.50800000000163, -17.81999999999971, -34.25, -27.812000000001717], "observed": 24.882, "observed_list": [14.833999999998923, 15.479999999999563, 2.621999999999389, 41.28199999999924, 34.15799999999945, 34.22400000000198, 29.132000000001426, 19.166000000001077, 45.13999999999942, 20.09400000000096, 47.94800000000032, 7.164000000000669, 26.07600000000093, 39.54199999999764, 15.80199999999968, 0.5820000000021537, 36.0099999999984, 19.056000000000495, 35.99399999999878, 13.324000000000524], "p-val": 2.08105984343065e-15}