{"deltas": [-28.76800000000003, -5.984000000000378, -16.211999999999534, -20.814000000002125, -35.2400000000016, -18.403999999998632, -39.07999999999811, -18.333999999998923, -26.52600000000166, -21.313999999998487, -22.739999999997963, -13.843999999997322, -15.536000000000058, -14.399999999997817, -18.574000000000524, -17.864000000001397, -19.601999999998952, -18.711999999999534, -14.328000000001339, -34.73400000000038], "observed": 26.154, "observed_list": [17.951999999997497, 16.891999999999825, 37.21799999999712, 27.537999999996828, 17.049999999999272, 37.21799999999712, 26.729999999999563, 37.12199999999939, 26.729999999999563, 26.729999999999563, 16.891999999999825, 27.441999999999098, 16.891999999999825, 26.729999999999563, 29.574000000000524, 26.729999999999563, 26.729999999999563, 26.729999999999563, 27.441999999999098, 26.729999999999563], "p-val": 2.5785016039408583e-21}