{"deltas": [-25.877999999998792, -15.339999999998327, -4.8879999999990105, -45.61200000000099, -2.84599999999773, -19.544000000001688, -21.407999999999447, -9.19800000000032, -6.236000000000786, -26.79200000000128, -45.26800000000003, -27.010000000002037, -35.7599999999984, 10.36199999999917, -44.556000000000495, -33.193999999999505, -52.69200000000092, -5.34400000000096, -27.971999999999753, -23.346000000001368], "observed": -12.188, "observed_list": [-21.415999999999258, -21.288000000000466, -42.61399999999958, 25.03399999999965, -18.211999999999534, -19.81000000000131, -26.412000000000262, -23.55199999999968, -4.906000000000859, -38.288000000000466, -19.13000000000102, -27.6820000000007, -11.540000000000873, 14.971999999999753, -0.41599999999925785, -18.805999999998676, 16.04399999999987, -8.924000000000888, -22.737999999999374, 25.925999999999476], "p-val": 0.06533166503246371}