{"deltas": [-24.745999999999185, -23.52799999999843, -17.257999999997992, -2.7620000000024447, -19.27599999999802, -23.64600000000064, -32.47599999999875, -27.295999999998457, -25.747999999999593, -28.065999999998894, -28.90599999999904, -15.025999999998021, -36.73800000000119, -30.108000000000175, -27.67000000000189, -11.468000000000757, -14.049999999999272, -20.59599999999773, -20.007999999997992, -23.902000000001863], "observed": -1.035, "observed_list": [4.288000000000466, 10.69800000000032, 1.1539999999986321, -14.563999999998487, 3.7160000000003492, -20.096000000001368, -16.81199999999808, -16.35200000000259, 1.1460000000006403, -9.365999999998166, -8.644000000000233, -7.474000000001979, 3.8259999999972933, 35.220000000001164, 26.507999999997992, 14.101999999998952, 2.131999999997788, -17.8179999999993, -0.28800000000046566, -12.065999999998894], "p-val": 2.901286109024729e-06}