{"deltas": [-0.007999999999810825, -2.6159999999999854, -5.2739999999994325, -3.786000000000058, -2.0600000000013097, -1.113999999999578, -3.315999999998894, -0.018000000000029104, -3.0719999999982974, -0.7260000000005675, -4.463999999999942, -3.061999999999898, -6.80199999999968, -6.587999999999738, -0.7860000000000582, -0.3539999999993597, -5.399999999999636, -8.281999999999243, -3.6260000000002037, -6.334000000000742], "observed": 9.205, "observed_list": [10.652000000000044, 10.442000000000917, 4.237999999999374, 13.358000000000175, 7.229999999999563, 6.512000000000626, 13.358000000000175, 13.358000000000175, 10.652000000000044, 9.427999999999884, 11.369999999998981, 6.065999999998894, 6.065999999998894, 13.358000000000175, 4.237999999999374, 10.652000000000044, 7.6340000000000146, 6.065999999998894, 9.278000000000247, 10.145999999998821], "p-val": 1.3168018032497258e-16}