{"deltas": [-23.220000000001164, -19.22599999999875, -20.781999999999243, -43.96600000000035, -11.580000000001746, -19.786000000000058, -26.286000000000058, -26.631999999997788, -21.045999999998457, -28.94800000000032, -6.177999999999884, -20.294000000001688, -7.236000000000786, -21.450000000000728, -43.98400000000038, -19.355999999999767, -23.296000000002095, -20.88600000000224, -20.687999999998283, -15.149999999997817], "observed": 20.988, "observed_list": [-4.7260000000023865, 30.72599999999875, -28.412000000000262, 50.80199999999968, -6.876000000000204, 52.16600000000108, 46.04999999999927, 27.824000000000524, -9.761999999998807, 22.10399999999936, 30.97599999999875, 12.398000000001048, 97.78800000000047, 26.002000000000407, 15.125999999996566, -9.78399999999965, 8.673999999999069, 2.2079999999987194, 18.06999999999971, 38.39999999999782], "p-val": 1.4573760041021806e-06}