{"deltas": [-15.80999999999949, -5.652000000000044, -13.845999999999549, -15.141999999999825, -0.566000000000713, -32.86200000000099, -11.368000000000393, -22.100000000000364, -15.768000000000029, -30.221999999999753, -15.339999999998327, 1.5499999999992724, 2.2180000000007567, -4.438000000000102, -13.822000000000116, -52.831999999998516, 5.427999999999884, 47.32600000000093, -21.122000000001208, -6.154000000000451], "observed": -10.768, "observed_list": [28.695999999999913, 47.677999999999884, -3.6119999999991705, -87.54999999999927, -15.51600000000144, 3.2039999999997235, -8.60399999999936, 5.016000000001441, -10.692000000000917, -10.839999999998327, -19.605999999999767, 31.531999999999243, 29.25, -42.49200000000019, -107.18399999999929, -41.28600000000006, 26.95800000000054, -41.06000000000131, -2.5239999999994325, 3.2780000000002474], "p-val": 0.9789593521980646}