{"deltas": [-0.6959999999999127, 0.12599999999929423, 0.7960000000002765, -0.21200000000044383, -0.751999999999498, 0.9619999999995343, -1.2460000000000946, -0.3900000000003274, 0.4219999999995707, -0.5719999999992069, 0.8320000000003347, -0.9399999999995998, -1.0239999999994325, 0.10999999999967258, 0.2760000000007494, -0.9000000000005457, 0.4639999999999418, -0.9380000000001019, 0.05599999999958527, -0.9000000000005457], "observed": 1.78, "observed_list": [1.7799999999997453, 1.7799999999997453, 1.7799999999997453, 1.7799999999997453, 1.7799999999997453, 1.7799999999997453, 1.7799999999997453, 1.7799999999997453, 1.7799999999997453, 1.7799999999997453, 1.7799999999997453, 1.7799999999997453, 1.7799999999997453, 1.7799999999997453, 1.7799999999997453, 1.7799999999997453, 1.7799999999997453, 1.7799999999997453, 1.7799999999997453, 1.7799999999997453], "p-val": 8.260971104002549e-11}