{"deltas": [-6.819999999999709, -15.859999999996944, -20.668000000001484, -16.61399999999776, -21.416000000001077, -9.477999999999156, -19.17399999999907, -23.391999999999825, -18.47599999999875, -26.425999999999476, -20.235999999997148, -22.213999999999942, -26.960000000002765, -12.203999999997905, -13.657999999999447, -12.74199999999837, -13.057999999997264, -13.013999999999214, -5.922000000002299, -17.954000000001543], "observed": 14.18, "observed_list": [14.180000000000291, 14.180000000000291, 14.180000000000291, 14.180000000000291, 14.180000000000291, 14.180000000000291, 14.180000000000291, 14.180000000000291, 14.180000000000291, 14.180000000000291, 14.180000000000291, 14.180000000000291, 14.180000000000291, 14.180000000000291, 14.180000000000291, 14.180000000000291, 14.180000000000291, 14.180000000000291, 14.180000000000291, 14.180000000000291], "p-val": 2.0136524487316705e-15}