{"deltas": [-39.151999999998225, -28.38000000000102, -29.94800000000032, -22.100000000002183, -17.779999999998836, -41.02799999999843, -27.211999999999534, -54.09599999999773, -40.16600000000108, -22.36200000000099, -31.22400000000198, -17.306000000000495, -28.840000000000146, -56.94599999999991, -27.37199999999939, -32.59400000000096, -37.25799999999799, -40.4900000000016, -33.995999999999185, -25.993999999998778], "observed": 0.316, "observed_list": [13.511999999998807, 5.718000000000757, -2.8040000000000873, -1.6340000000018335, 21.91400000000067, 12.720000000001164, -12.734000000000378, 36.074000000000524, 5.822000000000116, -27.330000000001746, 5.649999999997817, 6.80199999999968, -0.029999999998835847, 18.572000000000116, 19.73199999999997, -26.77600000000166, -5.94800000000032, -72.69599999999991, 18.667999999997846, -8.919999999998254], "p-val": 4.342471320995065e-06}