{"sim_score": 0.0036282116192013856, "p_val": 0.0, "p_val_ls": 0.001, "tree": "(((((DAHALO_2:0.9247842170161068,OROMO:0.9247842170161068)99.4:0.04312034681534682,BEJA_2:0.9679045638314536)93.9:0.010469650216175852,KAFFA:0.9783742140476295)95.0:0.009561658941834028,(((((((TIGRAI:0.5554694063656733,GEEZ:0.5554694063656733)100.0:0.0760386759136964,SYRIAC_2:0.6315080822793697)100.0:0.05051827627758765,(ARABIC_LEBANESE:0.4068789670705403,ARABIC_QURANIC:0.4068789670705403)100.0:0.2751473914864171)100.0:0.07690620533504211,(HARARI_2:0.6170371120666389,AMHARIC_3:0.6170371120666389)100.0:0.14189545182536056)100.0:0.13584123234133272,((SOQOTRI_2:0.5855143743783155,MEHRI_2:0.5855143743783155)100.0:0.12716678581602625,JIBBALI:0.7126811601943418)100.0:0.1820926360389904)100.0:0.053870970747338376,(BOLEWA:0.8890748391821643,HAUSA_3:0.8890748391821643)100.0:0.05956992779850623)100.0:0.028341451158226727,((GHADAMES_2:0.6558100297204794,SIWA:0.6558100297204794)100.0:0.02425656541451393,((QABYLE:0.4745521414170992,AHAGGAR:0.4745521414170992)100.0:0.1640966737223185,ZENAGA_2:0.6386488151394177)100.0:0.04141777999557561)100.0:0.29691962300390395)100.0:0.010949654850566204)100.0:0.008435915391335147,(((((((DAFANG:0.5791984996005184,XIDE:0.5791984996005184)100.0:0.17539175167414567,NAXI:0.7545902512746641)100.0:0.022406025991429712,(((LISU:0.5772402418915906,LAHU:0.5772402418915906)100.0:0.10244180916788193,NANJIANG:0.6796820510594725)100.0:0.06599631762409697,(JINO:0.6494560805329146,BIYUE:0.6494560805329146)100.0:0.09622228815065492)100.0:0.031317908582524256)100.0:0.04886178920157502,(BISU:0.7307962972990374,MPI:0.7307962972990374)100.0:0.0950617691686314)100.0:0.005661581024880347,((ACHANG:0.6939603567334534,ZAIWA:0.6939603567334534)100.0:0.09549236427060359,NUSU:0.789452721004057)100.0:0.042066926488492196)100.0:0.028744718285633186,AKHA:0.8602643657781823)100.0:0.041805288402647856,BURMESE:0.9020696541808302)100.0:0.09430213419996847)100.0:0.003628211619201349"}