{"sim_score": 0.016627699131323337, "p_val": 0.0, "p_val_ls": 0.001, "tree": "(((((ZENAGA_2:0.5632834967852642,SIWA:0.5632834967852642)100.0:0.07781171808601195,(QABYLE:0.429253635242826,AHAGGAR:0.429253635242826)100.0:0.21184157962845018)100.0:0.03327984681574281,GHADAMES_2:0.674375061687019)100.0:0.2886399291319641,((((((NAXI:0.5040090128676368,NUSU:0.5040090128676368)100.0:0.04395186607059931,(ACHANG:0.42895451922827477,ZAIWA:0.42895451922827477)100.0:0.11900635970996132)100.0:0.03623810917212755,((JINO:0.39095392758399927,BIYUE:0.39095392758399927)100.0:0.07530276475434683,MPI:0.4662566923383461)100.0:0.11794229577201754)100.0:0.027978775601024908,BURMESE:0.6121777637113885)100.0:0.016240537309932912,((((LISU:0.37426316938601434,LAHU:0.37426316938601434)100.0:0.13645109863938343,NANJIANG:0.5107142680253978)100.0:0.04496372543524296,AKHA:0.5556779934606407)100.0:0.051320653693175844,BISU:0.6069986471538166)100.0:0.021419653867504884)100.0:0.04463249037618522,(DAFANG:0.504406135952848,XIDE:0.504406135952848)100.0:0.16864465544465868)100.0:0.28996419942147644)100.0:0.020357310049693544,(((((((((TIGRAI:0.298166277394887,GEEZ:0.298166277394887)100.0:0.08624399298198293,HARARI_2:0.3844102703768699)100.0:0.04893235457660727,AMHARIC_3:0.4333426249534772)100.0:0.08376292087305892,SYRIAC_2:0.5171055458265361)100.0:0.10733354475237245,(ARABIC_LEBANESE:0.27885360185987307,ARABIC_QURANIC:0.27885360185987307)100.0:0.3455854887190355)100.0:0.15490338477424825,((JIBBALI:0.5310374056337743,MEHRI_2:0.5310374056337743)100.0:0.057480058155370384,SOQOTRI_2:0.5885174637891447)100.0:0.1908250115640121)100.0:0.11876024205419067,(BOLEWA:0.7157769161947832,HAUSA_3:0.7157769161947832)100.0:0.18232580121256425)100.0:0.031866335518613065,KAFFA:0.9299690529259605)100.0:0.028727741537077578,((DAHALO_2:0.7695267410545175,OROMO:0.7695267410545175)99.9:0.14187318423329287,BEJA_2:0.9113999252878103)97.9:0.047296869175227796)100.0:0.024675506405638536)100.0:0.016627699131323337"}