{"sim_score": 0.03256705895277697, "p_val": 0.0, "p_val_ls": 0.01, "tree": "((((OROMO:0.912586940770013,KAFFA:0.912586940770013)100.0:0.04601569509161407,(DAHALO_2:0.897336852271826,BEJA_2:0.897336852271826)100.0:0.06126578358980106)100.0:0.005067775538670882,(((HAUSA_3:0.8696418118762058,BOLEWA:0.8696418118762058)100.0:0.06633871791799595,((((SIWA:0.6114643811552409,GHADAMES_2:0.6114643811552409)100.0:0.05086798152155525,QABYLE:0.6623323626767962)100.0:0.00811888043804232,AHAGGAR:0.6704512431148385)100.0:0.10226735507577822,ZENAGA_2:0.7727185981906167)100.0:0.16326193160358504)100.0:0.02019053551175498,((((ARABIC_QURANIC:0.5836122637101013,ARABIC_LEBANESE:0.5836122637101013)100.0:0.19641324645316527,SYRIAC_2:0.7800255101632666)100.0:0.03304926481822601,(((GEEZ:0.7073030336201451,AMHARIC_3:0.7073030336201451)100.0:0.03185692598340606,TIGRAI:0.7391599596035512)100.0:0.00903061922096704,HARARI_2:0.7481905788245182)100.0:0.06488419615697438)100.0:0.08635430063795912,((MEHRI_2:0.6801532698492068,JIBBALI:0.6801532698492068)100.0:0.0642726391266163,SOQOTRI_2:0.7444259089758231)100.0:0.15500316664362868)100.0:0.05674198968650501)100.0:0.007499346094341219)100.0:0.003762529646925028,((((((((MPI:0.6607612999591888,BIYUE:0.6607612999591888)100.0:0.04426621816760379,((LISU:0.5787945599434751,LAHU:0.5787945599434751)100.0:0.07030787209956169,NANJIANG:0.6491024320430367)100.0:0.05592508608375579)100.0:0.03747643720262461,(XIDE:0.615682648613486,DAFANG:0.615682648613486)100.0:0.12682130671593117)100.0:0.026923501461102894,AKHA:0.76942745679052)100.0:0.011613929665812095,NAXI:0.7810413864563321)100.0:0.026174201401436226,BISU:0.8072155878577684)100.0:0.010993798102784669,JINO:0.818209385960553)100.0:0.012466538086744694,((ZAIWA:0.7131074965075843,ACHANG:0.7131074965075843)100.0:0.03726264116897293,(NUSU:0.7098924409088399,BURMESE:0.7098924409088399)100.0:0.0404776967677174)100.0:0.08030578637074048)100.0:0.13675701699992526)100.0:0.032567058952777006"}