{"sim_score": 0.030965141230671976, "p_val": 0.0, "p_val_ls": 0.01, "tree": "((((OROMO:0.9036349584827738,KAFFA:0.9036349584827738)100.0:0.03853631851137396,(DAHALO_2:0.858722905030404,BEJA_2:0.858722905030404)100.0:0.08344837196374366)100.0:0.023553359679495012,(((HAUSA_3:0.7891290281741123,BOLEWA:0.7891290281741123)100.0:0.101656988684374,(((SIWA:0.49932153089291786,GHADAMES_2:0.49932153089291786)100.0:0.00803150992164603,(QABYLE:0.45269523001917544,AHAGGAR:0.45269523001917544)100.0:0.05465781079538845)100.0:0.12846908099764076,ZENAGA_2:0.6358221218122047)100.0:0.2549638950462817)100.0:0.041043078083568885,(((((TIGRAI:0.4773131889770712,GEEZ:0.4773131889770712)100.0:0.054067258731529844,AMHARIC_3:0.531380447708601)100.0:0.05812111108754592,HARARI_2:0.589501558796147)100.0:0.06842052703493273,((ARABIC_QURANIC:0.3882434168832728,ARABIC_LEBANESE:0.3882434168832728)100.0:0.17414720741544698,SYRIAC_2:0.5623906242987198)100.0:0.09553146153235992)100.0:0.12629895231470756,((MEHRI_2:0.5012974626290225,JIBBALI:0.5012974626290225)100.0:0.07048718009008959,SOQOTRI_2:0.5717846427191121)100.0:0.21243639542667514)100.0:0.14760805679626798)100.0:0.033895541731587486)100.0:0.0033102220956853223,(((((((((LISU:0.44925754025051123,LAHU:0.44925754025051123)100.0:0.10893854438421058,NANJIANG:0.5581960846347218)100.0:0.04256167076396933,(MPI:0.5579804072164469,BIYUE:0.5579804072164469)100.0:0.04277734818224421)100.0:0.040453742713649765,NAXI:0.6412114981123409)100.0:0.013455959167957499,AKHA:0.6546674572802984)100.0:0.021711276435248283,(XIDE:0.5339928313785773,DAFANG:0.5339928313785773)100.0:0.14238590233696935)100.0:0.023749156265971738,JINO:0.7001278899815184)100.0:0.027787071112620465,BISU:0.7279149610941389)100.0:0.01171175755730347,((NUSU:0.6196427759878896,BURMESE:0.6196427759878896)100.0:0.056989805703934526,(ZAIWA:0.5328893942072077,ACHANG:0.5328893942072077)100.0:0.14374318748461645)100.0:0.0629941369596182)100.0:0.22940814011788568)100.0:0.030965141230671955"}