{"sim_score": 0.1968519815965908, "p_val": 0.0, "p_val_ls": 0.01, "tree": "(((Old_Tamil:0.5291015634912563,Old_Malayalam:0.5291015634912563)100.0:0.17706209893570457,Old_Kannada:0.7061636624269608)100.0:0.09698435597644839,Old_Telugu:0.8031480184034092)100.0:0.19685198159659079"}