{"sim_score": 0.29644613226099936, "p_val": 0.0, "p_val_ls": 0.01, "tree": "(((Old_Tamil:0.4441904499986715,Old_Malayalam:0.4441904499986715)100.0:0.13649996941290643,Old_Kannada:0.580690419411578)100.0:0.12286344832742269,Old_Telugu:0.7035538677390006)100.0:0.29644613226099936"}