{"sim_score": 0.024038673275774407, "p_val": 0.0, "p_val_ls": 0.01, "tree": "(((((((Old_French:0.6477509626270082,Latin:0.6477509626270082)100.0:0.22375192029546453,Greek_Anc:0.8715028829224727)100.0:0.0254603253513761,Old_Irish:0.8969632082738488)100.0:0.007338155804243129,((Old_High_German:0.49080826620623397,Old_English:0.49080826620623397)100.0:0.10723513693210929,Old_Norse:0.5980434031383433)100.0:0.30625796093974866)100.0:0.013264812422606687,(((Sanskrit:0.5027787570795395,Pali:0.5027787570795395)100.0:0.33922012377439326,Old_Church_Slavonic:0.8419988808539327)100.0:0.028040543935054618,Middle_Persian:0.8700394247889873)100.0:0.04752675171171128)100.0:0.02692341588483338,Armenian:0.944489592385532)100.0:0.03147173433869366,(((Old_Tamil:0.4423094236198063,Old_Malayalam:0.4423094236198063)100.0:0.13867299114335152,Old_Kannada:0.5809824147631578)100.0:0.12183587618966585,Old_Telugu:0.7028182909528237)100.0:0.273143035771402)100.0:0.024038673275774358"}