{"sim_score": 0.2917362813599703, "p_val": 0.0, "p_val_ls": 0.001, "tree": "(((Old_Tamil:0.41708180009234563,Old_Malayalam:0.41708180009234563)100.0:0.19366385574140343,Old_Kannada:0.6107456558337491)100.0:0.09751806280628061,Old_Telugu:0.7082637186400297)100.0:0.2917362813599703"}