{"sim_score": 0.44018311334203863, "p_val": 0.0, "p_val_ls": 0.001, "tree": "(((Old_Tamil:0.331232392070685,Old_Malayalam:0.331232392070685)100.0:0.13827342093455652,Old_Kannada:0.4695058130052415)100.0:0.09031107365271984,Old_Telugu:0.5598168866579614)100.0:0.44018311334203863"}