{"sim_score": 0.017422734166952322, "p_val": 0.0, "p_val_ls": 0.001, "tree": "(((((((Pali:0.5469024672002636,Sanskrit:0.5469024672002636)100.0:0.3363520718308367,Middle_Persian:0.8832545390311003)100.0:0.02872099944406925,Old_Church_Slavonic:0.9119755384751695)100.0:0.02000892233201823,(((Old_French:0.6044541058519651,Latin:0.6044541058519651)100.0:0.28484003099813415,Old_Irish:0.8892941368500993)100.0:0.0052833459388272885,((Old_English:0.5147534994940458,Old_High_German:0.5147534994940458)100.0:0.09466463028208139,Old_Norse:0.6094181297761272)100.0:0.2851593530127994)100.0:0.037406978018261205)100.0:0.025813937214144267,Greek_Anc:0.957798398021332)100.0:0.013896144114160625,Armenian:0.9716945421354927)100.0:0.010882723697555052,(((Old_Tamil:0.41678252611536826,Old_Malayalam:0.41678252611536826)100.0:0.19354667050216412,Old_Kannada:0.6103291966175324)100.0:0.09756348748303068,Old_Telugu:0.707892684100563)100.0:0.27468458173248467)100.0:0.01742273416695228"}