{"sim_score": 0.045894230376100416, "p_val": 0.0, "p_val_ls": 0.001, "tree": "(((Greek_Anc:0.9046109856465269,Armenian:0.9046109856465269)100.0:0.023848785508959303,((((Pali:0.29348036491553753,Sanskrit:0.29348036491553753)100.0:0.43553892622281465,Middle_Persian:0.7290192911383522)100.0:0.10331045940190076,((Old_English:0.3634579388307423,Old_High_German:0.3634579388307423)100.0:0.0436834425337872,Old_Norse:0.4071413813645295)100.0:0.42518836917572345)100.0:0.010597263197557716,(((Old_French:0.40487090846871665,Latin:0.40487090846871665)100.0:0.3923924387397003,Old_Church_Slavonic:0.797263347208417)100.0:0.02210950390922073,Old_Irish:0.8193728511176377)100.0:0.023554162620172958)100.0:0.08553275741767552)100.0:0.025645998468413422,(((Old_Tamil:0.330416130617731,Old_Malayalam:0.330416130617731)100.0:0.13807764864642502,Old_Kannada:0.46849377926415603)100.0:0.09133835994682282,Old_Telugu:0.5598321392109789)100.0:0.39427363041292074)100.0:0.04589423037610041"}