{"sim_score": 0.02428898095294431, "p_val": 0.0, "p_val_ls": 0.01, "tree": "(((((((Sanskrit:0.6316823722415851,Pali:0.6316823722415851)100.0:0.28284449869964423,Middle_Persian:0.9145268709412293)100.0:0.021202859094530346,Old_Church_Slavonic:0.9357297300357597)100.0:0.014874028878193113,(((Old_French:0.7640192450937673,Latin:0.7640192450937673)100.0:0.16594540830769744,Old_Irish:0.9299646534014647)100.0:0.0034886771481916767,((Old_High_German:0.611308436257615,Old_English:0.611308436257615)100.0:0.10029545849745192,Old_Norse:0.7116038947550669)100.0:0.2218494357945895)100.0:0.017150428364296366)100.0:0.002399443444161431,Greek_Anc:0.9530032023581142)100.0:0.011447282188768892,Armenian:0.9644504845468831)100.0:0.011260534500172614,(((Old_Tamil:0.5222134272042592,Old_Malayalam:0.5222134272042592)100.0:0.17992306626348709,Old_Kannada:0.7021364934677463)100.0:0.09873902006774893,Old_Telugu:0.8008755135354952)100.0:0.17483550551156046)100.0:0.024288980952944295"}