{"sim_score": 0.03556723662222388, "p_val": 0.0, "p_val_ls": 0.01, "tree": "((((((Old_French:0.7545762056345469,Latin:0.7545762056345469)100.0:0.17521440403665056,Old_Irish:0.9297906096711974)100.0:0.005651574234232237,((Old_High_German:0.6200040460852793,Old_English:0.6200040460852793)100.0:0.09265972032232905,Old_Norse:0.7126637664076083)100.0:0.22277841749782135)100.0:0.014920613078877265,(((Sanskrit:0.6321940368924106,Pali:0.6321940368924106)100.0:0.2798213300568242,Middle_Persian:0.9120153669492348)100.0:0.022109519211397033,Old_Church_Slavonic:0.9341248861606318)100.0:0.016237910823675095)100.0:0.003420597660706237,Greek_Anc:0.9537833946450132)100.0:0.01064936873276301,Armenian:0.9644327633777762)100.0:0.03556723662222383"}