{"sim_score": 0.0710113780798056, "p_val": 0.0, "p_val_ls": 0.001, "tree": "((Greek_Anc:0.9049716484407735,Armenian:0.9049716484407735)99.9:0.02401697347942089,((((Pali:0.29330271336292546,Sanskrit:0.29330271336292546)100.0:0.4366296248139353,Middle_Persian:0.7299323381768608)100.0:0.10266090205481748,((Old_English:0.36395841168620513,Old_High_German:0.36395841168620513)100.0:0.04311123367781655,Old_Norse:0.4070696453640217)100.0:0.42552359486765656)100.0:0.010622981484986749,(((Old_French:0.40427159587835904,Latin:0.40427159587835904)100.0:0.3924943988903915,Old_Church_Slavonic:0.7967659947687505)100.0:0.02186966659334666,Old_Irish:0.8186356613620972)100.0:0.024580560354567793)100.0:0.08577240020352939)100.0:0.07101137807980562"}