{"sim_score": 0.05607064502001673, "p_val": 0.0, "p_val_ls": 0.01, "tree": "((((((Old_French:0.6472631191130797,Latin:0.6472631191130797)100.0:0.2235944476047116,Greek_Anc:0.8708575667177912)100.0:0.024901709551029882,Old_Irish:0.8957592762688211)100.0:0.008916313178193969,((Old_High_German:0.4910591478100429,Old_English:0.4910591478100429)100.0:0.10742155396812691,Old_Norse:0.5984807017781698)100.0:0.3061948876688453)100.0:0.013099826534579861,(((Sanskrit:0.5028947110791935,Pali:0.5028947110791935)100.0:0.33871936053348817,Old_Church_Slavonic:0.8416140716126816)100.0:0.03036990453176014,Middle_Persian:0.8719839761444418)100.0:0.04579143983715317)100.0:0.02615393899838836,Armenian:0.9439293549799833)100.0:0.056070645020016685"}