{"sim_score": 0.028322546424895123, "p_val": 0.0, "p_val_ls": 0.001, "tree": "((((((Pali:0.5471742359107236,Sanskrit:0.5471742359107236)100.0:0.33637437809832293,Middle_Persian:0.8835486140090465)100.0:0.028413910640618933,Old_Church_Slavonic:0.9119625246496654)100.0:0.020114611781316794,(((Old_French:0.6047056082288402,Latin:0.6047056082288402)100.0:0.2840757768639355,Old_Irish:0.8887813850927757)100.0:0.005871606734053292,((Old_English:0.5145399017399737,Old_High_German:0.5145399017399737)100.0:0.09480765521787804,Old_Norse:0.6093475569578517)100.0:0.2853054348689773)100.0:0.03742414460415322)100.0:0.02593388430632415,Greek_Anc:0.9580110207373064)100.0:0.013666432837798559,Armenian:0.9716774535751049)100.0:0.028322546424895068"}