{"sim_score": 0.007961588594829688, "p_val": 0.0, "p_val_ls": 0.001, "tree": "(((((((((((SACAPULTECO_SACAPULAS_CENTRO:0.3535510731157433,SIPAKAPENSE:0.3535510731157433)100.0:0.04271936056197734,(TZUTUJIL_SAN_JUAN_LA_LAGUNA:0.2975034060154592,SOUTHERN_CAKCHIQUEL_SAN_ANDRES_ITZAPA:0.2975034060154592)100.0:0.09876702766226142)100.0:0.02293746171527833,CENTRAL_QUICHE:0.41920789539299896)100.0:0.0733236984123583,USPANTEKO:0.49253159380535727)100.0:0.1345076052565365,(POCOMAM_EASTERN:0.4473989264505529,POQOMCHI_WESTERN:0.4473989264505529)100.0:0.17964027261134086)100.0:0.0795167592881163,EASTERN_KEKCHI_CAHABON:0.7065559583500101)100.0:0.0318609061987809,((MAM_NORTHERN:0.6269833775204052,TECO_TECTITAN:0.6269833775204052)100.0:0.03573357624853679,(AGUACATEC:0.6071852811899612,IXIL_CHAJUL:0.6071852811899612)100.0:0.05553167257898084)100.0:0.07569991077984894)100.0:0.08191813044670349,(((((ZINACANTAN_TZOTZIL:0.47150926324814335,TZELTAL_BACHAJON:0.47150926324814335)100.0:0.15898223090139185,TOJOLABAL:0.6304914941495352)100.0:0.04850731640754802,((CHONTAL_TABASCO:0.5006682002483798,CHOL_TUMBALA:0.5006682002483798)100.0:0.1182407145332105,CHORTI:0.6189089147815903)100.0:0.06008989577549295)100.0:0.04727494242475161,(((MAYA_YUCATAN:0.3409959404193009,ITZAJ:0.3409959404193009)100.0:0.08645951990786405,LACANDON:0.42745546032716497)100.0:0.11123925027884007,MOPAN:0.538694710606005)100.0:0.18757904237582979)100.0:0.011702669288209733,((((ACATECO_SAN_MIGUEL_ACATAN:0.38760016578976975,QANJOBAL_SANTA_EULALIA:0.38760016578976975)100.0:0.14880298166082784,MOCHO:0.5364031474505976)100.0:0.019614668821359538,JACALTEC:0.5560178162719571)100.0:0.04064643230657161,CHUJ:0.5966642485785287)100.0:0.14131217369151583)100.0:0.08235857272544989)100.0:0.05153696328050261,(CHICOMUCELTEC:0.41302496608345207,HUASTEC:0.41302496608345207)100.0:0.458846992192545)100.0:0.1165857123491193,((((PajapanNahuat:0.3647174544938616,MecayapanNahuat:0.3647174544938616)100.0:0.06787323355115626,(((NorthPueblaNahuatl:0.21668864544141353,TetelcingoNahuatl:0.21668864544141353)100.0:0.022967616409268032,(ProtoAztecan:0.15286818940457159,ClassicalNahuatl:0.15286818940457159)100.0:0.08678807244610998)100.0:0.0806372256442841,Pipil:0.32029348749496567)100.0:0.11229720055005221)100.0:0.12712352933183935,Pochutec:0.5597142173768572)100.0:0.038571608925514034,JalupaNahuat:0.5982858263023713)100.0:0.3901718443227451)100.0:0.0035807407800539925,(((OLUTA_POPOLUCA:0.5521909374228472,SAYULA_POPOLUCA:0.5521909374228472)100.0:0.025922415996625148,((SOUTH_HIGHLAND_MIXE:0.39875058151188403,NORTH_HIGHLAND_MIXE:0.39875058151188403)100.0:0.0348375982078617,LOWLAND_MIXE:0.4335881797197457)100.0:0.14452517369972662)100.0:0.15116920197578276,((SOTEAPAN_ZOQUE:0.4780649924217041,TEXISTEPEC_ZOQUE:0.4780649924217041)100.0:0.08513084967009055,((MIGUEL_CHIMALAPA:0.2718364480848574,MARIA_CHIMALAPA:0.2718364480848574)100.0:0.16145238368500126,CHIAPAS_ZOQUE:0.43328883176985866)100.0:0.12990701032193597)100.0:0.16608671330346048)100.0:0.26275585600991525)100.0:0.00796158859482965"}