{"sim_score": 0.012091058373889144, "p_val": 0.0, "p_val_ls": 0.001, "tree": "((((((((((SACAPULTECO_SACAPULAS_CENTRO:0.34159891446273316,SIPAKAPENSE:0.34159891446273316)100.0:0.05480508505942849,(TZUTUJIL_SAN_JUAN_LA_LAGUNA:0.29707023277002187,SOUTHERN_CAKCHIQUEL_SAN_ANDRES_ITZAPA:0.29707023277002187)100.0:0.09933376675213978)100.0:0.030960300925443995,CENTRAL_QUICHE:0.42736430044760565)100.0:0.0743635396718082,USPANTEKO:0.5017278401194138)100.0:0.1344256322967441,(POCOMAM_EASTERN:0.47042220944184,POQOMCHI_WESTERN:0.47042220944184)100.0:0.16573126297431795)100.0:0.08260004579365532,EASTERN_KEKCHI_CAHABON:0.7187535182098133)100.0:0.029489650649413668,(((AGUACATEC:0.6085159675606626,IXIL_CHAJUL:0.6085159675606626)100.0:0.036287191906955285,TECO_TECTITAN:0.6448031594676179)100.0:0.04711398335595651,MAM_NORTHERN:0.6919171428235744)100.0:0.05632602603565251)100.0:0.07290064407909336,(((((CHONTAL_TABASCO:0.5014079967338523,CHOL_TUMBALA:0.5014079967338523)100.0:0.11733777358553898,CHORTI:0.6187457703193913)100.0:0.027723513594957616,(ZINACANTAN_TZOTZIL:0.4831757421722662,TZELTAL_BACHAJON:0.4831757421722662)100.0:0.16329354174208266)100.0:0.07495863999637131,(((MAYA_YUCATAN:0.3407173111682962,ITZAJ:0.3407173111682962)100.0:0.08664670321603496,LACANDON:0.42736401438433114)100.0:0.12238020770806846,MOPAN:0.5497442220923996)100.0:0.1716837018183206)100.0:0.017768213005189715,((CHUJ:0.6016095894302445,TOJOLABAL:0.6016095894302445)100.0:0.04618711609438786,(((ACATECO_SAN_MIGUEL_ACATAN:0.3987007869721476,QANJOBAL_SANTA_EULALIA:0.3987007869721476)100.0:0.1446789077061249,MOCHO:0.5433796946782725)100.0:0.024057864533772122,JACALTEC:0.5674375592120446)100.0:0.08035914631258767)100.0:0.0913994313912776)100.0:0.08194767602241038)100.0:0.05165323600513039,(CHICOMUCELTEC:0.41285918213157413,HUASTEC:0.41285918213157413)100.0:0.45993786681187654)100.0:0.1151118926826602,((((PajapanNahuat:0.3650280961025957,MecayapanNahuat:0.3650280961025957)100.0:0.06757050584455992,(((NorthPueblaNahuatl:0.21659187968873206,TetelcingoNahuatl:0.21659187968873206)100.0:0.023085276212493677,(ProtoAztecan:0.15280200680057388,ClassicalNahuatl:0.15280200680057388)100.0:0.08687514910065186)100.0:0.08048492452262346,Pipil:0.3201620804238492)100.0:0.11243652152330641)100.0:0.12693369230901919,Pochutec:0.5595322942561748)100.0:0.03824949003898703,JalupaNahuat:0.5977817842951618)100.0:0.39012715733094905)100.0:0.01209105837388913"}