{"sim_score": 0.026905885950815157, "p_val": 0.0, "p_val_ls": 0.01, "tree": "(((((((CHONTAL_TABASCO:0.5944334918507186,CHOL_TUMBALA:0.5944334918507186)100.0:0.025796517905235405,CHORTI:0.620230009755954)100.0:0.09827799082584021,(ZINACANTAN_TZOTZIL:0.5476015247629855,TZELTAL_BACHAJON:0.5476015247629855)100.0:0.1709064758188087)100.0:0.04477738009418897,(((MAYA_YUCATAN:0.3941577387812678,ITZAJ:0.3941577387812678)100.0:0.12424689370674569,LACANDON:0.5184046324880135)100.0:0.017788692084768853,MOPAN:0.5361933245727823)100.0:0.22709205610320082)100.0:0.057841226417842284,((((((((TZUTUJIL_SAN_JUAN_LA_LAGUNA:0.3525240210278565,SOUTHERN_CAKCHIQUEL_SAN_ANDRES_ITZAPA:0.3525240210278565)100.0:0.06798066687490811,SACAPULTECO_SACAPULAS_CENTRO:0.42050468790276463)100.0:0.0536423522875934,CENTRAL_QUICHE:0.474147040190358)100.0:0.015469114133713768,(USPANTEKO:0.4558733940865419,SIPAKAPENSE:0.4558733940865419)100.0:0.03374276023752987)100.0:0.12213813165090892,(POQOMCHI_WESTERN:0.47345266973768774,POCOMAM_EASTERN:0.47345266973768774)100.0:0.13830161623729298)100.0:0.11880035373719156,EASTERN_KEKCHI_CAHABON:0.7305546397121723)100.0:0.021732767571456146,((TOJOLABAL:0.6273702154071817,CHUJ:0.6273702154071817)100.0:0.061778214099020845,(((QANJOBAL_SANTA_EULALIA:0.3254250772152848,ACATECO_SAN_MIGUEL_ACATAN:0.3254250772152848)100.0:0.23508548172179367,MOCHO:0.5605105589370785)100.0:0.0051024980380429685,JACALTEC:0.5656130569751214)100.0:0.12353537253108116)100.0:0.06313897777742583)100.0:0.009809971266163564,((IXIL_CHAJUL:0.6867539122996987,AGUACATEC:0.6867539122996987)100.0:0.029034549171152002,(TECO_TECTITAN:0.6393065427199855,MAM_NORTHERN:0.6393065427199855)100.0:0.07648191875086519)100.0:0.04630891707894125)100.0:0.059029228544033474)100.0:0.048949455416407384,(HUASTEC:0.4538567889287318,CHICOMUCELTEC:0.4538567889287318)100.0:0.416219273581501)100.0:0.10301805153895205,(((((Pipil:0.4022239764513471,MecayapanNahuat:0.4022239764513471)100.0:0.009203225889304112,PajapanNahuat:0.4114272023406512)100.0:0.08864217742369673,JalupaNahuat:0.500069379764348)100.0:0.07195697561040726,(((NorthPueblaNahuatl:0.34282227820886635,ClassicalNahuatl:0.34282227820886635)100.0:0.04252855977809866,ProtoAztecan:0.385350837986965)100.0:0.049950308757510165,TetelcingoNahuatl:0.4353011467444752)100.0:0.13672520863028004)100.0:0.12198359399139758,Pochutec:0.6940099493661528)100.0:0.2790841646830321)100.0:0.02690588595081511"}