{"sim_score": 0.012250704428019732, "p_val": 0.0, "p_val_ls": 0.001, "tree": "((((((((((SACAPULTECO_SACAPULAS_CENTRO:0.341599973075269,SIPAKAPENSE:0.341599973075269)100.0:0.054742183050913495,(TZUTUJIL_SAN_JUAN_LA_LAGUNA:0.2973565198150693,SOUTHERN_CAKCHIQUEL_SAN_ANDRES_ITZAPA:0.2973565198150693)100.0:0.09898563631111323)100.0:0.030788899261389502,CENTRAL_QUICHE:0.427131055387572)100.0:0.07458059489289681,USPANTEKO:0.5017116502804688)100.0:0.13438702134274538,(POCOMAM_EASTERN:0.4708082659176629,POQOMCHI_WESTERN:0.4708082659176629)100.0:0.1652904057055513)100.0:0.08266841796953461,EASTERN_KEKCHI_CAHABON:0.7187670895927488)100.0:0.029419297934435873,(((AGUACATEC:0.6066553391053779,IXIL_CHAJUL:0.6066553391053779)100.0:0.03886537718523231,TECO_TECTITAN:0.6455207162906103)100.0:0.04645724270745477,MAM_NORTHERN:0.691977958998065)100.0:0.05620842852911967)100.0:0.0729419806517756,(((((CHONTAL_TABASCO:0.5014187676908102,CHOL_TUMBALA:0.5014187676908102)100.0:0.11779413902121538,CHORTI:0.6192129067120256)100.0:0.027200117104224653,(ZINACANTAN_TZOTZIL:0.48351532006023457,TZELTAL_BACHAJON:0.48351532006023457)100.0:0.16289770375601564)100.0:0.0749194596766588,(((MAYA_YUCATAN:0.3412938896529478,ITZAJ:0.3412938896529478)100.0:0.08593825507336483,LACANDON:0.42723214472631266)100.0:0.12260946566098596,MOPAN:0.5498416103872986)100.0:0.1714908731056104)100.0:0.01797796873510371,((CHUJ:0.6016027605625128,TOJOLABAL:0.6016027605625128)100.0:0.046068344142181306,(((ACATECO_SAN_MIGUEL_ACATAN:0.3982319917471433,QANJOBAL_SANTA_EULALIA:0.3982319917471433)100.0:0.14540205716888654,MOCHO:0.5436340489160298)100.0:0.024057394787598274,JACALTEC:0.5676914437036281)100.0:0.07997966100106602)100.0:0.09163934752331859)100.0:0.08181791595094756)100.0:0.0516050130149589,(CHICOMUCELTEC:0.4134883927467681,HUASTEC:0.4134883927467681)100.0:0.4592449884471511)100.0:0.11501591437806102,(((SOTEAPAN_ZOQUE:0.5625497795092163,TEXISTEPEC_ZOQUE:0.5625497795092163)100.0:0.02839126828528893,((MIGUEL_CHIMALAPA:0.33309275458114196,MARIA_CHIMALAPA:0.33309275458114196)100.0:0.11239807790769529,CHIAPAS_ZOQUE:0.44549083248883725)100.0:0.14545021530566793)100.0:0.15336129025450884,((OLUTA_POPOLUCA:0.5513363751968522,SAYULA_POPOLUCA:0.5513363751968522)100.0:0.031390199283502396,((SOUTH_HIGHLAND_MIXE:0.4200891031103611,NORTH_HIGHLAND_MIXE:0.4200891031103611)100.0:0.018252538326753776,LOWLAND_MIXE:0.43834164143711485)100.0:0.14438493304323974)100.0:0.16157576356865944)100.0:0.2434469575229662)100.0:0.012250704428019787"}