{"sim_score": 0.019061839365322963, "p_val": 0.0, "p_val_ls": 0.01, "tree": "((((((((POQOMCHI_WESTERN:0.41921038539408984,POCOMAM_EASTERN:0.41921038539408984)100.0:0.13455159133033545,((((SIPAKAPENSE:0.29885678330886556,SACAPULTECO_SACAPULAS_CENTRO:0.29885678330886556)100.0:0.04692042434815946,CENTRAL_QUICHE:0.345777207657025)100.0:0.015519915244052718,(TZUTUJIL_SAN_JUAN_LA_LAGUNA:0.2356567434514859,SOUTHERN_CAKCHIQUEL_SAN_ANDRES_ITZAPA:0.2356567434514859)100.0:0.12564037944959183)100.0:0.02584949866972197,USPANTEKO:0.3871466215707997)100.0:0.16661535515362558)100.0:0.08718583666814961,EASTERN_KEKCHI_CAHABON:0.6409478133925749)100.0:0.03354774405482108,(((TECO_TECTITAN:0.546003313452962,MAM_NORTHERN:0.546003313452962)100.0:0.033284972474520336,AGUACATEC:0.5792882859274824)100.0:0.024251537016055424,IXIL_CHAJUL:0.6035398229435378)100.0:0.07095573450385817)100.0:0.0329832985267674,((TOJOLABAL:0.554967076334171,CHUJ:0.554967076334171)100.0:0.05143695250529556,((MOCHO:0.4784280881453098,JACALTEC:0.4784280881453098)100.0:0.007194849743911824,(QANJOBAL_SANTA_EULALIA:0.2806244111891103,ACATECO_SAN_MIGUEL_ACATAN:0.2806244111891103)100.0:0.20499852670011132)100.0:0.12078109095024492)100.0:0.10107482713469684)100.0:0.06527800504126213,((((CHONTAL_TABASCO:0.4936463307233604,CHOL_TUMBALA:0.4936463307233604)100.0:0.046220466946557015,CHORTI:0.5398667976699174)100.0:0.09350175967545149,(ZINACANTAN_TZOTZIL:0.472575776876323,TZELTAL_BACHAJON:0.472575776876323)100.0:0.16079278046904588)100.0:0.056825402491887056,(((MAYA_YUCATAN:0.3031683532116627,ITZAJ:0.3031683532116627)100.0:0.15609816818849365,LACANDON:0.45926652140015634)100.0:0.02968669146587377,MOPAN:0.4889532128660301)100.0:0.20124074697122585)100.0:0.08256290117816956)100.0:0.04598145784603613,(HUASTEC:0.37258695933190544,CHICOMUCELTEC:0.37258695933190544)100.0:0.4461513595295562)100.0:0.16219984177321534,(((((SOUTH_HIGHLAND_MIXE:0.36334684959107144,NORTH_HIGHLAND_MIXE:0.36334684959107144)100.0:0.08361594829811692,LOWLAND_MIXE:0.44696279788918836)100.0:0.06515120508012595,SAYULA_POPOLUCA:0.5121140029693143)100.0:0.03764163954461397,OLUTA_POPOLUCA:0.5497556425139283)100.0:0.14221126842018383,((TEXISTEPEC_ZOQUE:0.4593751651539757,SOTEAPAN_ZOQUE:0.4593751651539757)100.0:0.08615522125336583,((MIGUEL_CHIMALAPA:0.3237081937254003,MARIA_CHIMALAPA:0.3237081937254003)100.0:0.1137124355099004,CHIAPAS_ZOQUE:0.4374206292353007)100.0:0.10810975717204085)100.0:0.14643652452677058)100.0:0.28897124970056487)100.0:0.01906183936532302"}