{"sim_score": 0.024237182242932885, "p_val": 0.0, "p_val_ls": 0.01, "tree": "((((((((CHONTAL_TABASCO:0.570015990678135,CHOL_TUMBALA:0.570015990678135)100.0:0.049512821471482615,CHORTI:0.6195288121496176)100.0:0.1061118388146004,(ZINACANTAN_TZOTZIL:0.542814721669865,TZELTAL_BACHAJON:0.542814721669865)100.0:0.18282592929435304)100.0:0.038477568491320446,(((MAYA_YUCATAN:0.3952479147773338,ITZAJ:0.3952479147773338)100.0:0.13865203708821783,MOPAN:0.5338999518655516)100.0:0.02029127922788254,LACANDON:0.5541912310934342)100.0:0.20992698836210433)100.0:0.061896084576056554,((((((((SIPAKAPENSE:0.4006041225837089,SACAPULTECO_SACAPULAS_CENTRO:0.4006041225837089)100.0:0.044954738404256345,(TZUTUJIL_SAN_JUAN_LA_LAGUNA:0.32830289619457753,SOUTHERN_CAKCHIQUEL_SAN_ANDRES_ITZAPA:0.32830289619457753)100.0:0.11725596479338773)100.0:0.01907486208107756,CENTRAL_QUICHE:0.4646337230690428)100.0:0.02845106455963642,USPANTEKO:0.49308478762867924)100.0:0.13465836528058228,(POQOMCHI_WESTERN:0.4856361315330756,POCOMAM_EASTERN:0.4856361315330756)100.0:0.14210702137618592)100.0:0.0935979836793216,EASTERN_KEKCHI_CAHABON:0.7213411365885831)100.0:0.029109279649027653,(((TECO_TECTITAN:0.5951139023594934,MAM_NORTHERN:0.5951139023594934)100.0:0.09009706726040667,AGUACATEC:0.6852109696199)100.0:0.019762620865888203,IXIL_CHAJUL:0.7049735904857882)100.0:0.04547682575182255)100.0:0.013080688211659752,((TOJOLABAL:0.6333121718376028,CHUJ:0.6333121718376028)100.0:0.055649229903517505,(((QANJOBAL_SANTA_EULALIA:0.3200078650187067,ACATECO_SAN_MIGUEL_ACATAN:0.3200078650187067)100.0:0.23712085074639588,JACALTEC:0.5571287157651026)100.0:0.007103293192363358,MOCHO:0.564232008957466)100.0:0.12472939278365436)100.0:0.07456970270815022)100.0:0.06248319958232451)100.0:0.048818986866555836,(HUASTEC:0.48799892060077876,CHICOMUCELTEC:0.48799892060077876)100.0:0.3868343702973721)100.0:0.09524739581416064,(((((SOUTH_HIGHLAND_MIXE:0.49179292619243786,NORTH_HIGHLAND_MIXE:0.49179292619243786)100.0:0.05980333900218926,LOWLAND_MIXE:0.5515962651946271)100.0:0.048494424386679724,SAYULA_POPOLUCA:0.6000906895813068)100.0:0.029215619900390566,OLUTA_POPOLUCA:0.6293063094816974)100.0:0.12420833176030432,(((MIGUEL_CHIMALAPA:0.3840006103829965,MARIA_CHIMALAPA:0.3840006103829965)100.0:0.11527509414021364,CHIAPAS_ZOQUE:0.49927570452321013)100.0:0.10448628441496388,(TEXISTEPEC_ZOQUE:0.4928120372520516,SOTEAPAN_ZOQUE:0.4928120372520516)100.0:0.11094995168612243)100.0:0.14975265230382773)100.0:0.21656604547030978)100.0:0.005682131044755567,(((((PajapanNahuat:0.40224530625560484,MecayapanNahuat:0.40224530625560484)100.0:0.0022581790030741233,Pipil:0.40450348525867896)100.0:0.1070054845872993,JalupaNahuat:0.5115089698459783)100.0:0.05987567844885422,((TetelcingoNahuatl:0.37663136615619686,NorthPueblaNahuatl:0.37663136615619686)100.0:0.048463173652851355,(ProtoAztecan:0.3247609231130669,ClassicalNahuatl:0.3247609231130669)100.0:0.10033361669598129)100.0:0.14629010848578428)100.0:0.12418727094567339,Pochutec:0.6955719192405059)100.0:0.2801908985165612)100.0:0.02423718224293292"}