{"sim_score": 0.129465375851915, "p_val": 0.0, "p_val_ls": 0.01, "tree": "((((((ZINACANTAN_TZOTZIL:0.5335525985363228,TZELTAL_BACHAJON:0.5335525985363228)100.0:0.16702930417738449,TOJOLABAL:0.7005819027137072)100.0:0.03912769432550589,((CHONTAL_TABASCO:0.5849640126298612,CHOL_TUMBALA:0.5849640126298612)100.0:0.029502169038429615,CHORTI:0.6144661816682908)100.0:0.12524341537092232)100.0:0.03297362411239946,(((MAYA_YUCATAN:0.37882643057748955,ITZAJ:0.37882643057748955)100.0:0.141529688359749,MOPAN:0.5203561189372385)100.0:0.028157280789573913,LACANDON:0.5485133997268125)100.0:0.22416982142480013)100.0:0.055699109872343944,((((((((SIPAKAPENSE:0.4481290602496888,SACAPULTECO_SACAPULAS_CENTRO:0.4481290602496888)100.0:0.028015037185857183,(TZUTUJIL_SAN_JUAN_LA_LAGUNA:0.34511312270663796,SOUTHERN_CAKCHIQUEL_SAN_ANDRES_ITZAPA:0.34511312270663796)100.0:0.131030974728908)100.0:0.007947974100888544,CENTRAL_QUICHE:0.4840920715364345)100.0:0.033207165420251705,USPANTEKO:0.5172992369566862)100.0:0.09720210992354561,(POQOMCHI_WESTERN:0.4472157518183617,POCOMAM_EASTERN:0.4472157518183617)100.0:0.16728559506187013)100.0:0.1084451548789882,EASTERN_KEKCHI_CAHABON:0.72294650175922)100.0:0.025032770245763336,((((QANJOBAL_SANTA_EULALIA:0.3252576919689518,ACATECO_SAN_MIGUEL_ACATAN:0.3252576919689518)100.0:0.23734855246926378,MOCHO:0.5626062444382156)100.0:0.00954186345851138,JACALTEC:0.572148107896727)100.0:0.09084112941119327,CHUJ:0.6629892373079203)100.0:0.08499003469706312)100.0:0.00838142503041861,((IXIL_CHAJUL:0.6740570150170555,AGUACATEC:0.6740570150170555)100.0:0.03829896662317056,(TECO_TECTITAN:0.6233071451718386,MAM_NORTHERN:0.6233071451718386)100.0:0.08904883646838746)100.0:0.04400471539517592)100.0:0.07202163398855455)100.0:0.04215229312412849,(HUASTEC:0.4917827313881281,CHICOMUCELTEC:0.4917827313881281)100.0:0.3787518927599569)100.0:0.12946537585191498"}