{"sim_score": 0.014663485239490641, "p_val": 0.0, "p_val_ls": 0.01, "tree": "(((((((((POQOMCHI_WESTERN:0.4085071667639235,POCOMAM_EASTERN:0.4085071667639235)100.0:0.13608008942423466,((((SIPAKAPENSE:0.2915092553291906,SACAPULTECO_SACAPULAS_CENTRO:0.2915092553291906)100.0:0.051431390061123294,CENTRAL_QUICHE:0.3429406453903139)100.0:0.011397511702683882,(TZUTUJIL_SAN_JUAN_LA_LAGUNA:0.22177621883706566,SOUTHERN_CAKCHIQUEL_SAN_ANDRES_ITZAPA:0.22177621883706566)100.0:0.1325619382559321)100.0:0.02727677186943589,USPANTEKO:0.38161492896243365)100.0:0.16297232722572452)100.0:0.09061274538007336,EASTERN_KEKCHI_CAHABON:0.6352000015682315)100.0:0.036988654608827165,(((TECO_TECTITAN:0.526985326525164,MAM_NORTHERN:0.526985326525164)100.0:0.051809391851893816,AGUACATEC:0.5787947183770579)100.0:0.02148781459758764,IXIL_CHAJUL:0.6002825329746455)100.0:0.07190612320241319)100.0:0.03428089643941035,((TOJOLABAL:0.5408549197995272,CHUJ:0.5408549197995272)100.0:0.05742248692727259,((MOCHO:0.4633307322844352,JACALTEC:0.4633307322844352)100.0:0.010925476562396175,(QANJOBAL_SANTA_EULALIA:0.2731666054480293,ACATECO_SAN_MIGUEL_ACATAN:0.2731666054480293)100.0:0.2010896033988021)100.0:0.12402119787996835)100.0:0.1081921458896693)100.0:0.06294073248113585,((((CHONTAL_TABASCO:0.4615162748750292,CHOL_TUMBALA:0.4615162748750292)100.0:0.06604610979752779,CHORTI:0.527562384672557)100.0:0.09985433654719433,(ZINACANTAN_TZOTZIL:0.4667168930476967,TZELTAL_BACHAJON:0.4667168930476967)100.0:0.16069982817205464)100.0:0.05910239788829186,(((MAYA_YUCATAN:0.30442257337794554,ITZAJ:0.30442257337794554)100.0:0.15366413515201893,LACANDON:0.45808670852996447)100.0:0.030011893877698204,MOPAN:0.4880986024076627)100.0:0.19842051670038052)100.0:0.0828911659895617)100.0:0.04939889353040461,(HUASTEC:0.36949987645661675,CHICOMUCELTEC:0.36949987645661675)100.0:0.44930930217139275)100.0:0.15577630007058718,(((((Pipil:0.3632155348677526,PajapanNahuat:0.3632155348677526)100.0:0.03865696666442198,MecayapanNahuat:0.4018725015321746)100.0:0.05097979263075003,JalupaNahuat:0.4528522941629246)100.0:0.04010470978902958,(((NorthPueblaNahuatl:0.2401706689415669,ClassicalNahuatl:0.2401706689415669)100.0:0.037715495546084776,ProtoAztecan:0.2778861644876517)100.0:0.03547424697025936,TetelcingoNahuatl:0.31336041145791105)100.0:0.17959659249404314)100.0:0.10720969351970511,Pochutec:0.6001666974716593)100.0:0.3744187812269374)100.0:0.010751036061912633,(((((SOUTH_HIGHLAND_MIXE:0.3426758165816334,NORTH_HIGHLAND_MIXE:0.3426758165816334)100.0:0.09515105260962764,LOWLAND_MIXE:0.437826869191261)100.0:0.05862285846713888,SAYULA_POPOLUCA:0.4964497276583999)100.0:0.045275999689055935,OLUTA_POPOLUCA:0.5417257273474558)100.0:0.14480307504260748,(((MIGUEL_CHIMALAPA:0.298808527600517,MARIA_CHIMALAPA:0.298808527600517)100.0:0.13812060070197163,CHIAPAS_ZOQUE:0.43692912830248865)100.0:0.09415373009063532,(TEXISTEPEC_ZOQUE:0.431695272587418,SOTEAPAN_ZOQUE:0.431695272587418)100.0:0.09938758580570595)100.0:0.15544594399693934)100.0:0.298807712370446)100.0:0.014663485239490681"}