{"sim_score": 0.12615379587327466, "p_val": 0.0, "p_val_ls": 0.001, "tree": "(((((((CHONTAL_TABASCO:0.48408721029477597,CHOL_TUMBALA:0.48408721029477597)100.0:0.1424071640971123,CHORTI:0.6264943743918883)100.0:0.01692285635857249,(ZINACANTAN_TZOTZIL:0.4734952226249065,TZELTAL_BACHAJON:0.4734952226249065)100.0:0.16992200812555425)100.0:0.08660227722362934,(((MAYA_YUCATAN:0.33328700344794204,ITZAJ:0.33328700344794204)100.0:0.10712728337193522,LACANDON:0.44041428681987727)100.0:0.1148638133225921,MOPAN:0.5552781001424694)100.0:0.17474140783162073)100.0:0.022095320672289365,(((((ACATECO_SAN_MIGUEL_ACATAN:0.3836699527572397,QANJOBAL_SANTA_EULALIA:0.3836699527572397)100.0:0.1764480975542625,MOCHO:0.5601180503115022)100.0:0.009683617417412416,JACALTEC:0.5698016677289146)100.0:0.038966900314883146,CHUJ:0.6087685680437978)100.0:0.081854700491375,TOJOLABAL:0.6906232685351728)100.0:0.06149156011120671)100.0:0.07450640933960462,(((((((SACAPULTECO_SACAPULAS_CENTRO:0.3733098274768213,SIPAKAPENSE:0.3733098274768213)100.0:0.04571776601740141,(TZUTUJIL_SAN_JUAN_LA_LAGUNA:0.3210105185861578,SOUTHERN_CAKCHIQUEL_SAN_ANDRES_ITZAPA:0.3210105185861578)100.0:0.09801707490806488)100.0:0.015554967544696319,CENTRAL_QUICHE:0.434582561038919)100.0:0.07388996156314476,USPANTEKO:0.5084725226020638)100.0:0.13169177287536415,(POCOMAM_EASTERN:0.4725979591702354,POQOMCHI_WESTERN:0.4725979591702354)100.0:0.16756633630719253)100.0:0.07002446371820714,EASTERN_KEKCHI_CAHABON:0.7101887591956351)100.0:0.04021396604357497,(((AGUACATEC:0.6221894791695828,IXIL_CHAJUL:0.6221894791695828)100.0:0.029100399885818362,TECO_TECTITAN:0.6512898790554011)100.0:0.057266272495193005,MAM_NORTHERN:0.7085561515505941)100.0:0.041846573688615885)100.0:0.07621851274677405)100.0:0.04722496614074123,(CHICOMUCELTEC:0.43485903057856035,HUASTEC:0.43485903057856035)100.0:0.43898717354816497)100.0:0.1261537958732747"}