{"sim_score": 0.035957498957939836, "p_val": 0.0, "p_val_ls": 0.001, "tree": "((((((((CHONTAL_TABASCO:0.42602483284051584,CHOL_TUMBALA:0.42602483284051584)100.0:0.0568255456817538,CHORTI:0.48285037852226964)100.0:0.12141780044319994,(((LACANDON:0.2609127059675078,MAYA_YUCATAN:0.2609127059675078)100.0:0.034209600412638985,ITZAJ:0.2951223063801468)100.0:0.07671896849028215,MOPAN:0.37184127487042895)100.0:0.23242690409504063)100.0:0.04006817586881528,((((MOCHO:0.3565124080617551,JACALTEC:0.3565124080617551)100.0:0.07512137901637295,(ACATECO_SAN_MIGUEL_ACATAN:0.24883614488433614,QANJOBAL_SANTA_EULALIA:0.24883614488433614)100.0:0.1827976421937919)100.0:0.07479723533045823,CHUJ:0.5064310224085863)100.0:0.0541706462002709,((ZINACANTAN_TZOTZIL:0.364892314810088,TZELTAL_BACHAJON:0.364892314810088)100.0:0.05244001866520598,TOJOLABAL:0.41733233347529397)100.0:0.1432693351335632)100.0:0.08373468622542768)100.0:0.10180318808170608,(CHICOMUCELTEC:0.3372348125068938,HUASTEC:0.3372348125068938)100.0:0.40890473040909714)100.0:0.022685730001269944,(((((((CENTRAL_QUICHE:0.31836970392455355,SIPAKAPENSE:0.31836970392455355)100.0:0.012644476820253492,SACAPULTECO_SACAPULAS_CENTRO:0.33101418074480704)100.0:0.03700391313240847,(TZUTUJIL_SAN_JUAN_LA_LAGUNA:0.24216920683719878,SOUTHERN_CAKCHIQUEL_SAN_ANDRES_ITZAPA:0.24216920683719878)100.0:0.12584888704001673)100.0:0.018796903147707766,USPANTEKO:0.3868149970249233)100.0:0.11586884598487623,(POCOMAM_EASTERN:0.28711467197848994,POQOMCHI_WESTERN:0.28711467197848994)100.0:0.21556917103130957)100.0:0.14616854253223743,EASTERN_KEKCHI_CAHABON:0.648852385542037)100.0:0.050334177556372595,(((AGUACATEC:0.5563791756288281,IXIL_CHAJUL:0.5563791756288281)100.0:0.028089356599012127,TECO_TECTITAN:0.5844685322278402)100.0:0.058143749987510485,MAM_NORTHERN:0.6426122822153507)100.0:0.056574280883058825)100.0:0.06963870981885134)100.0:0.18576232879327703,(((JalupaNahuat:0.32231382256338803,PajapanNahuat:0.32231382256338803)100.0:0.04540799115805516,(((((ProtoAztecan:0.07610002587516174,ClassicalNahuatl:0.07610002587516174)100.0:0.07341762689534848,NorthPueblaNahuatl:0.1495176527705102)100.0:0.02236139689960215,Pipil:0.17187904967011236)100.0:0.039099801509973164,MecayapanNahuat:0.21097885118008552)100.0:0.04178199247052383,TetelcingoNahuatl:0.25276084365060936)100.0:0.11496097007083383)100.0:0.06068926596679425,Pochutec:0.42841107968823744)100.0:0.5261765220223005)100.0:0.009454899331522215,(((SOTEAPAN_ZOQUE:0.37986582494340815,TEXISTEPEC_ZOQUE:0.37986582494340815)100.0:0.08273366057750198,((MIGUEL_CHIMALAPA:0.21939186014131917,MARIA_CHIMALAPA:0.21939186014131917)100.0:0.1064849937878738,CHIAPAS_ZOQUE:0.32587685392919297)100.0:0.13672263159171716)100.0:0.1115963502639824,((((SOUTH_HIGHLAND_MIXE:0.1955966308489483,NORTH_HIGHLAND_MIXE:0.1955966308489483)100.0:0.0967763772757474,LOWLAND_MIXE:0.2923730081246957)100.0:0.03218738498364404,SAYULA_POPOLUCA:0.32456039310833973)100.0:0.020423084196617314,OLUTA_POPOLUCA:0.34498347730495704)100.0:0.22921235847993549)100.0:0.3898466652571676)100.0:0.03595749895793987"}