{"sim_score": 0.02403400048479736, "p_val": 0.0, "p_val_ls": 0.01, "tree": "((((((((POQOMCHI_WESTERN:0.41806448945204766,POCOMAM_EASTERN:0.41806448945204766)100.0:0.13499440353648196,((((SIPAKAPENSE:0.2995959363828966,SACAPULTECO_SACAPULAS_CENTRO:0.2995959363828966)100.0:0.04578754090072268,CENTRAL_QUICHE:0.3453834772836193)100.0:0.016196447367182842,(TZUTUJIL_SAN_JUAN_LA_LAGUNA:0.23468792868833677,SOUTHERN_CAKCHIQUEL_SAN_ANDRES_ITZAPA:0.23468792868833677)100.0:0.12689199596246536)100.0:0.026267190615931302,USPANTEKO:0.38784711526673343)100.0:0.16521177772179618)100.0:0.08718390497176642,EASTERN_KEKCHI_CAHABON:0.640242797960296)100.0:0.03468705177478304,((IXIL_CHAJUL:0.5776265422981508,AGUACATEC:0.5776265422981508)100.0:0.021420274464272637,(TECO_TECTITAN:0.5495976424888289,MAM_NORTHERN:0.5495976424888289)100.0:0.04944917427359452)100.0:0.07588303297265564)100.0:0.03276783725742183,((TOJOLABAL:0.5554828227716403,CHUJ:0.5554828227716403)100.0:0.05190694645702998,((MOCHO:0.4800744099526225,JACALTEC:0.4800744099526225)100.0:0.0056197462428826395,(QANJOBAL_SANTA_EULALIA:0.2804534095997362,ACATECO_SAN_MIGUEL_ACATAN:0.2804534095997362)100.0:0.20524074659576896)100.0:0.12169561303316512)100.0:0.10030791776383063)100.0:0.06506586603950537,((((CHONTAL_TABASCO:0.49737556523673776,CHOL_TUMBALA:0.49737556523673776)100.0:0.04236189295538495,CHORTI:0.5397374581921227)100.0:0.09314850035176114,(ZINACANTAN_TZOTZIL:0.47083397692740725,TZELTAL_BACHAJON:0.47083397692740725)100.0:0.1620519816164766)100.0:0.057179259833853746,(((MAYA_YUCATAN:0.30306057050088475,ITZAJ:0.30306057050088475)100.0:0.15402580632805907,LACANDON:0.4570863768289438)100.0:0.03389084101104822,MOPAN:0.49097721783999204)100.0:0.19908800053774556)100.0:0.08269833465426868)100.0:0.04568118640866414,(HUASTEC:0.3707149594886955,CHICOMUCELTEC:0.3707149594886955)100.0:0.44772977995197494)100.0:0.15752126007453227,(((((Pipil:0.364214488016282,PajapanNahuat:0.364214488016282)100.0:0.03627616258912936,MecayapanNahuat:0.40049065060541134)100.0:0.05219829914470164,JalupaNahuat:0.452688949750113)100.0:0.040413972816846,(((NorthPueblaNahuatl:0.24002620444230227,ClassicalNahuatl:0.24002620444230227)100.0:0.037549063091746104,ProtoAztecan:0.2775752675340484)100.0:0.03605806291506042,TetelcingoNahuatl:0.3136333304491088)100.0:0.17946959211785019)100.0:0.1061431932217709,Pochutec:0.5992461157887299)100.0:0.3767198837264728)100.0:0.024034000484797313"}