{"sim_score": 0.03315483495695557, "p_val": 0.0, "p_val_ls": 0.01, "tree": "(((((((CHONTAL_TABASCO:0.5703641907825168,CHOL_TUMBALA:0.5703641907825168)100.0:0.043990965422141315,CHORTI:0.6143551562046581)100.0:0.09711882801972227,(ZINACANTAN_TZOTZIL:0.5515312492986693,TZELTAL_BACHAJON:0.5515312492986693)100.0:0.1599427349257111)100.0:0.05035361093859536,(((MAYA_YUCATAN:0.3810104405677015,ITZAJ:0.3810104405677015)100.0:0.15259356290683623,MOPAN:0.5336040034745377)100.0:0.017468587575710126,LACANDON:0.5510725910502479)100.0:0.21075500411272785)100.0:0.05972684753288071,((((((((SIPAKAPENSE:0.4368183212268084,SACAPULTECO_SACAPULAS_CENTRO:0.4368183212268084)100.0:0.01475971175802604,(TZUTUJIL_SAN_JUAN_LA_LAGUNA:0.35395388656854176,SOUTHERN_CAKCHIQUEL_SAN_ANDRES_ITZAPA:0.35395388656854176)100.0:0.09762414641629269)100.0:0.024706826852456953,CENTRAL_QUICHE:0.4762848598372914)100.0:0.0301909958596821,USPANTEKO:0.5064758556969735)100.0:0.10690666164587814,(POQOMCHI_WESTERN:0.47091576777389366,POCOMAM_EASTERN:0.47091576777389366)100.0:0.142466749568958)100.0:0.10912851022544989,EASTERN_KEKCHI_CAHABON:0.7225110275683015)100.0:0.0274917953856203,((IXIL_CHAJUL:0.6807754683348581,AGUACATEC:0.6807754683348581)100.0:0.020332128032913843,(TECO_TECTITAN:0.6285674591891202,MAM_NORTHERN:0.6285674591891202)100.0:0.07254013717865182)100.0:0.048895226586149865)100.0:0.008889705533322911,((TOJOLABAL:0.6412806504215769,CHUJ:0.6412806504215769)100.0:0.053063628373881455,(((QANJOBAL_SANTA_EULALIA:0.34540253191588355,ACATECO_SAN_MIGUEL_ACATAN:0.34540253191588355)100.0:0.21937217902709671,MOCHO:0.5647747109429803)100.0:0.003543412737773921,JACALTEC:0.5683181236807542)100.0:0.12602615511470416)100.0:0.06454824969178641)100.0:0.06266191420861167)100.0:0.04963991150136082,(HUASTEC:0.4536944163208243,CHICOMUCELTEC:0.4536944163208243)100.0:0.41749993787639295)100.0:0.09565081084582716,(((((SOUTH_HIGHLAND_MIXE:0.48562297208904703,NORTH_HIGHLAND_MIXE:0.48562297208904703)100.0:0.05166167120944576,LOWLAND_MIXE:0.5372846432984928)100.0:0.07472497499844954,SAYULA_POPOLUCA:0.6120096182969423)100.0:0.030501233139961448,OLUTA_POPOLUCA:0.6425108514369038)100.0:0.11263400002774748,((TEXISTEPEC_ZOQUE:0.5360343085283401,SOTEAPAN_ZOQUE:0.5360343085283401)100.0:0.07375701165046178,((MIGUEL_CHIMALAPA:0.38747911061425533,MARIA_CHIMALAPA:0.38747911061425533)100.0:0.14539170109069854,CHIAPAS_ZOQUE:0.5328708117049539)100.0:0.07692050847384801)100.0:0.14535353128584938)100.0:0.21170031357839314)100.0:0.03315483495695559"}