{"sim_score": 0.2284800513977612, "p_val": 0.0, "p_val_ls": 0.001, "tree": "(((((((CHONTAL_TABASCO:0.41313958577900767,CHOL_TUMBALA:0.41313958577900767)100.0:0.07597450825757668,CHORTI:0.48911409403658435)100.0:0.08321814247843684,((ZINACANTAN_TZOTZIL:0.3642637801820561,TZELTAL_BACHAJON:0.3642637801820561)100.0:0.09108750815915068,TOJOLABAL:0.45535128834120675)100.0:0.11698094817381444)100.0:0.06070914008799844,(((MOCHO:0.37761992450326975,JACALTEC:0.37761992450326975)100.0:0.061851733802717135,(ACATECO_SAN_MIGUEL_ACATAN:0.25679185002650085,QANJOBAL_SANTA_EULALIA:0.25679185002650085)100.0:0.18267980827948604)100.0:0.060884077930548064,CHUJ:0.500355736236535)100.0:0.13268564036648467)100.0:0.019515583401612413,(((LACANDON:0.2625194732467605,MAYA_YUCATAN:0.2625194732467605)100.0:0.028912475766922574,ITZAJ:0.2914319490136831)100.0:0.08726262450974864,MOPAN:0.3786945735234317)100.0:0.2738623864812003)100.0:0.10321876425278032,(CHICOMUCELTEC:0.37343520231142435,HUASTEC:0.37343520231142435)100.0:0.382340521945988)100.0:0.015744224344826474,((((AGUACATEC:0.5539937831824304,IXIL_CHAJUL:0.5539937831824304)100.0:0.03867009528736576,TECO_TECTITAN:0.5926638784697962)100.0:0.0691683375079799,MAM_NORTHERN:0.6618322159777761)100.0:0.03561153417467855,((((((CENTRAL_QUICHE:0.32683187699274807,SACAPULTECO_SACAPULAS_CENTRO:0.32683187699274807)100.0:0.022472235844877675,(TZUTUJIL_SAN_JUAN_LA_LAGUNA:0.25080939933396074,SOUTHERN_CAKCHIQUEL_SAN_ANDRES_ITZAPA:0.25080939933396074)100.0:0.09849471350366501)100.0:0.039938664284712044,USPANTEKO:0.3892427771223378)100.0:0.02060784275573868,SIPAKAPENSE:0.40985061987807647)100.0:0.09375654368241637,(POCOMAM_EASTERN:0.30371743391426564,POQOMCHI_WESTERN:0.30371743391426564)100.0:0.1998897296462272)100.0:0.13240755758613465,EASTERN_KEKCHI_CAHABON:0.6360147211466275)100.0:0.06142902900582714)100.0:0.07407619844978419)100.0:0.22848005139776117"}