{"sim_score": 0.03266139509515937, "p_val": 0.0, "p_val_ls": 0.001, "tree": "(((((((CHONTAL_TABASCO:0.4275171503216523,CHOL_TUMBALA:0.4275171503216523)100.0:0.05491765722770048,CHORTI:0.48243480754935275)100.0:0.12189284346555151,(((LACANDON:0.26150016746461957,MAYA_YUCATAN:0.26150016746461957)100.0:0.03393310247389281,ITZAJ:0.2954332699385124)100.0:0.07647839136237455,MOPAN:0.37191166130088693)100.0:0.23241598971401733)100.0:0.04054613619056957,((((MOCHO:0.35643340130190104,JACALTEC:0.35643340130190104)100.0:0.07832121992899399,(ACATECO_SAN_MIGUEL_ACATAN:0.2614954931267127,QANJOBAL_SANTA_EULALIA:0.2614954931267127)100.0:0.17325912810418231)100.0:0.06778902367397066,CHUJ:0.5025436449048657)100.0:0.059935476792406295,((ZINACANTAN_TZOTZIL:0.3652666338379448,TZELTAL_BACHAJON:0.3652666338379448)100.0:0.051888886955326896,TOJOLABAL:0.4171555207932717)100.0:0.14532360090400032)100.0:0.08239466550820185)100.0:0.10124642729013511,(CHICOMUCELTEC:0.3363025339055712,HUASTEC:0.3363025339055712)100.0:0.40981768059003776)100.0:0.022807950113818976,(((((((CENTRAL_QUICHE:0.31862481287833144,SIPAKAPENSE:0.31862481287833144)100.0:0.013077743222862592,SACAPULTECO_SACAPULAS_CENTRO:0.33170255610119403)100.0:0.03624933446584799,(TZUTUJIL_SAN_JUAN_LA_LAGUNA:0.241627142315343,SOUTHERN_CAKCHIQUEL_SAN_ANDRES_ITZAPA:0.241627142315343)100.0:0.12632474825169904)100.0:0.018335689740919037,USPANTEKO:0.38628758030796106)100.0:0.1165101598425502,(POCOMAM_EASTERN:0.2872235371362267,POQOMCHI_WESTERN:0.2872235371362267)100.0:0.21557420301428454)100.0:0.14594317626215214,EASTERN_KEKCHI_CAHABON:0.6487409164126634)100.0:0.05031112647675917,(((AGUACATEC:0.5565851096417518,IXIL_CHAJUL:0.5565851096417518)100.0:0.027873680525108524,TECO_TECTITAN:0.5844587901668603)100.0:0.057602378985990965,MAM_NORTHERN:0.6420611691528513)100.0:0.0569908737365713)100.0:0.06987612172000535)100.0:0.19841044029541266,(((SOTEAPAN_ZOQUE:0.38016718137196004,TEXISTEPEC_ZOQUE:0.38016718137196004)100.0:0.0863326605860778,((MIGUEL_CHIMALAPA:0.23262377991887428,MARIA_CHIMALAPA:0.23262377991887428)100.0:0.09906566899503899,CHIAPAS_ZOQUE:0.3316894489139133)100.0:0.13481039304412457)100.0:0.10996099650478441,((((SOUTH_HIGHLAND_MIXE:0.1952743604773829,NORTH_HIGHLAND_MIXE:0.1952743604773829)100.0:0.09713727867630761,LOWLAND_MIXE:0.2924116391536905)100.0:0.03213622876372002,SAYULA_POPOLUCA:0.3245478679174105)100.0:0.020152479176669513,OLUTA_POPOLUCA:0.34470034709408004)100.0:0.23176049136874222)100.0:0.3908777664420183)100.0:0.03266139509515942"}