{"sim_score": 0.1766813449092184, "p_val": 0.0, "p_val_ls": 0.01, "tree": "((((((ZINACANTAN_TZOTZIL:0.46359959568176123,TZELTAL_BACHAJON:0.46359959568176123)100.0:0.1359794884996962,TOJOLABAL:0.5995790841814574)100.0:0.05590356631878457,((CHONTAL_TABASCO:0.4802081877263411,CHOL_TUMBALA:0.4802081877263411)100.0:0.06203042447166163,CHORTI:0.5422386121980027)100.0:0.11324403830223928)100.0:0.04655863196665666,(((MAYA_YUCATAN:0.30846811935891505,ITZAJ:0.30846811935891505)100.0:0.1465779667191247,LACANDON:0.45504608607803976)100.0:0.04066684860024117,MOPAN:0.4957129346782809)100.0:0.20632834778861775)100.0:0.0783313506725728,(((((POQOMCHI_WESTERN:0.42169607190123937,POCOMAM_EASTERN:0.42169607190123937)100.0:0.1343874489378113,((((SIPAKAPENSE:0.33383846880282286,SACAPULTECO_SACAPULAS_CENTRO:0.33383846880282286)100.0:0.022883728718591567,CENTRAL_QUICHE:0.35672219752141443)100.0:0.024397537310235196,(TZUTUJIL_SAN_JUAN_LA_LAGUNA:0.2566255661391249,SOUTHERN_CAKCHIQUEL_SAN_ANDRES_ITZAPA:0.2566255661391249)100.0:0.12449416869252472)100.0:0.019694092217774517,USPANTEKO:0.40081382704942414)100.0:0.15526969378962652)100.0:0.08170485654518456,EASTERN_KEKCHI_CAHABON:0.6377883773842352)100.0:0.041415579271484315,((IXIL_CHAJUL:0.5811132792256289,AGUACATEC:0.5811132792256289)100.0:0.026720506727454296,(TECO_TECTITAN:0.5496607308524251,MAM_NORTHERN:0.5496607308524251)100.0:0.05817305510065818)100.0:0.07137017070263629)100.0:0.022338152856441806,((((QANJOBAL_SANTA_EULALIA:0.2742440982071406,ACATECO_SAN_MIGUEL_ACATAN:0.2742440982071406)100.0:0.21284908658063162,MOCHO:0.4870931847877722)100.0:0.003667830191920407,JACALTEC:0.4907610149796926)100.0:0.08619840450378113,CHUJ:0.5769594194834737)100.0:0.1245826900286876)100.0:0.07883052362731013)100.0:0.04294602195131014,(HUASTEC:0.4110822945573408,CHICOMUCELTEC:0.4110822945573408)100.0:0.4122363605334408)100.0:0.17668134490921839"}