{"sim_score": 0.04579896861177614, "p_val": 0.0, "p_val_ls": 0.001, "tree": "(((((((CHONTAL_TABASCO:0.4262753890013562,CHOL_TUMBALA:0.4262753890013562)100.0:0.05595429055145462,CHORTI:0.4822296795528108)100.0:0.12227849616459063,(((LACANDON:0.2616484804436381,MAYA_YUCATAN:0.2616484804436381)100.0:0.03374909175453389,ITZAJ:0.295397572198172)100.0:0.07704964878691112,MOPAN:0.3724472209850831)100.0:0.23206095473231836)100.0:0.04026090050403097,((((MOCHO:0.3564204595093524,JACALTEC:0.3564204595093524)100.0:0.07807123051753428,(ACATECO_SAN_MIGUEL_ACATAN:0.261135914689392,QANJOBAL_SANTA_EULALIA:0.261135914689392)100.0:0.1733557753374947)100.0:0.06848293140069983,CHUJ:0.5029746214275865)100.0:0.059377379199424984,((ZINACANTAN_TZOTZIL:0.3647526905075055,TZELTAL_BACHAJON:0.3647526905075055)100.0:0.05342770206001468,TOJOLABAL:0.41818039256752015)100.0:0.14417160805949136)100.0:0.08241707559442091)100.0:0.10140746148695279,(CHICOMUCELTEC:0.33717602122937573,HUASTEC:0.33717602122937573)100.0:0.4090005164790095)100.0:0.022812258797235474,(((((((CENTRAL_QUICHE:0.317817264283628,SIPAKAPENSE:0.317817264283628)100.0:0.013136464325008257,SACAPULTECO_SACAPULAS_CENTRO:0.33095372860863626)100.0:0.03703713049051616,(TZUTUJIL_SAN_JUAN_LA_LAGUNA:0.24262356912451755,SOUTHERN_CAKCHIQUEL_SAN_ANDRES_ITZAPA:0.24262356912451755)100.0:0.12536728997463487)100.0:0.018493745998690914,USPANTEKO:0.3864846050978433)100.0:0.11649303169951974,(POCOMAM_EASTERN:0.2876449560040344,POQOMCHI_WESTERN:0.2876449560040344)100.0:0.21533268079332868)100.0:0.14549080047954654,EASTERN_KEKCHI_CAHABON:0.6484684372769096)100.0:0.05069877450856963,(((AGUACATEC:0.5566464780600695,IXIL_CHAJUL:0.5566464780600695)100.0:0.026102631700476886,TECO_TECTITAN:0.5827491097605464)100.0:0.05960298127007757,MAM_NORTHERN:0.642352091030624)100.0:0.056815120754855286)100.0:0.06982158472014144)100.0:0.1852122348826032,(((JalupaNahuat:0.32206443301643983,PajapanNahuat:0.32206443301643983)100.0:0.0454952693777535,(((((ProtoAztecan:0.07566471451817913,ClassicalNahuatl:0.07566471451817913)100.0:0.07360474285125218,NorthPueblaNahuatl:0.1492694573694313)100.0:0.022471833214123493,Pipil:0.1717412905835548)100.0:0.039405095762336306,MecayapanNahuat:0.2111463863458911)100.0:0.04140068923665352,TetelcingoNahuatl:0.25254707558254463)100.0:0.1150126268116487)100.0:0.06044121260325652,Pochutec:0.42800091499744986)100.0:0.526200116390774)100.0:0.045798968611776125"}