{"sim_score": 0.41197647680841576, "p_val": 0.0, "p_val_ls": 0.001, "tree": "(((SOTEAPAN_ZOQUE:0.39593815505552243,TEXISTEPEC_ZOQUE:0.39593815505552243)100.0:0.08109294717917581,((MIGUEL_CHIMALAPA:0.24939470071092096,MARIA_CHIMALAPA:0.24939470071092096)100.0:0.10032630819391064,CHIAPAS_ZOQUE:0.3497210089048316)100.0:0.12731009332986665)100.0:0.110992420956886,((((SOUTH_HIGHLAND_MIXE:0.22901375227669807,NORTH_HIGHLAND_MIXE:0.22901375227669807)100.0:0.07391356082935852,LOWLAND_MIXE:0.3029273131060566)100.0:0.03701964608422237,SAYULA_POPOLUCA:0.33994695919027895)100.0:0.044552113947574856,OLUTA_POPOLUCA:0.3844990731378538)100.0:0.20352445005373043)100.0:0.41197647680841576"}