{"sim_score": 0.24358345560668093, "p_val": 0.0, "p_val_ls": 0.01, "tree": "(((((SOUTH_HIGHLAND_MIXE:0.5105490278538026,NORTH_HIGHLAND_MIXE:0.5105490278538026)100.0:0.029344543790693067,LOWLAND_MIXE:0.5398935716444957)100.0:0.07309348271528171,SAYULA_POPOLUCA:0.6129870543597774)100.0:0.046512055711791844,OLUTA_POPOLUCA:0.6594991100715693)100.0:0.09691743432174982,((TEXISTEPEC_ZOQUE:0.5384992243336487,SOTEAPAN_ZOQUE:0.5384992243336487)100.0:0.0705147945646507,((MIGUEL_CHIMALAPA:0.39445113926939557,MARIA_CHIMALAPA:0.39445113926939557)100.0:0.1265684358601532,CHIAPAS_ZOQUE:0.5210195751295488)100.0:0.08799444376875065)100.0:0.14740252549501964)100.0:0.24358345560668093"}