{"sim_score": 0.2558670286203876, "p_val": 0.0, "p_val_ls": 0.001, "tree": "(((OLUTA_POPOLUCA:0.5656659806954449,SAYULA_POPOLUCA:0.5656659806954449)100.0:0.029747071603479114,((LOWLAND_MIXE:0.4462446979988336,SOUTH_HIGHLAND_MIXE:0.4462446979988336)100.0:0.00196930860742639,NORTH_HIGHLAND_MIXE:0.44821400660626)100.0:0.14719904569266407)100.0:0.14871991908068827,((SOTEAPAN_ZOQUE:0.564886188803736,TEXISTEPEC_ZOQUE:0.564886188803736)100.0:0.028496623104697028,((MIGUEL_CHIMALAPA:0.34171299601454164,MARIA_CHIMALAPA:0.34171299601454164)100.0:0.11320374858120164,CHIAPAS_ZOQUE:0.45491674459574327)100.0:0.13846606731268973)100.0:0.1507501594711793)100.0:0.2558670286203877"}