{"sim_score": 0.3041145134783295, "p_val": 0.0, "p_val_ls": 0.01, "tree": "(((((SOUTH_HIGHLAND_MIXE:0.38762333166431084,NORTH_HIGHLAND_MIXE:0.38762333166431084)100.0:0.06893513329781598,LOWLAND_MIXE:0.4565584649621268)100.0:0.06392916543353433,SAYULA_POPOLUCA:0.5204876303956611)100.0:0.05850386818024533,OLUTA_POPOLUCA:0.5789914985759065)100.0:0.116893987945764,((TEXISTEPEC_ZOQUE:0.4609020740983665,SOTEAPAN_ZOQUE:0.4609020740983665)100.0:0.0864277976413026,((MIGUEL_CHIMALAPA:0.328470374000548,MARIA_CHIMALAPA:0.328470374000548)100.0:0.11960591785587882,CHIAPAS_ZOQUE:0.44807629185642683)100.0:0.09925357988324224)100.0:0.1485556147820014)100.0:0.3041145134783295"}