{"sim_score": 0.08044726961377588, "p_val": 0.0, "p_val_ls": 0.001, "tree": "(((((((Bahnar-Kontum:0.08818077184825268,Bahnar-Golar:0.08818077184825268)100.0:0.03189970054269098,Bahnar-Pleiku:0.12008047239094366)100.0:0.7174640266678819,Mon:0.8375444990588256)100.0:0.00988016774290823,(Khmer-Standard:0.15422568646759405,Khmer-Surin:0.15422568646759405)100.0:0.6931989803341397)100.0:0.01063651304161295,(Bru-Ubon:0.5747712667257853,Bru-Talan:0.5747712667257853)100.0:0.28328991311756146)100.0:0.01886009706288394,Vietnamese:0.8769212769062307)100.0:0.04263145347999342,((Santali:0.6822526611293218,Kharia:0.6822526611293218)100.0:0.07570189350830181,(Sora:0.5246022801130872,Gorum:0.5246022801130872)100.0:0.23335227452453644)100.0:0.16159817574860047)100.0:0.0804472696137759"}