{"sim_score": 0.0026746513892011237, "p_val": 0.005, "p_val_ls": 0.001, "tree": "(((((((((NYAKUR:0.6549522735314679,MON:0.6549522735314679)100.0:0.20502088999599533,KHMER:0.8599731635274632)100.0:0.0461312396924114,(((BAHNAR:0.6409170043063651,JEH:0.6409170043063651)100.0:0.138584020039778,CHRAU:0.7795010243461431)100.0:0.08038044211208839,KUI_THAILAND:0.8598814664582315)100.0:0.04622293676164313)100.0:0.02287680762308464,SEMAI:0.9289812108429593)100.0:0.007235827320617894,(KHMU:0.8885133550872244,KSINMUL:0.8885133550872244)100.0:0.047703683076352754)100.0:0.018727796983412648,((RUC:0.8865183992775516,VIETNAMESE:0.8865183992775516)100.0:0.030470748581382545,MUNDARI:0.9169891478589342)100.0:0.03795568728805565)100.0:0.005024959846002819,(DEANG:0.7872583379287075,WA:0.7872583379287075)100.0:0.17271145706428515)100.0:0.015071356124978674,KHASI:0.9750411511179713)100.0:0.022284197492827618,((((PajapanNahuat:0.3651654310065181,MecayapanNahuat:0.3651654310065181)100.0:0.06736230819694977,(((NorthPueblaNahuatl:0.21672709112277622,TetelcingoNahuatl:0.21672709112277622)100.0:0.022820664043226024,(ProtoAztecan:0.15255530129760353,ClassicalNahuatl:0.15255530129760353)100.0:0.08699245386839871)100.0:0.08073609658242409,Pipil:0.32028385174842633)100.0:0.11224388745504155)100.0:0.12696846776717163,Pochutec:0.5594962069706395)100.0:0.038537682688157826,JalupaNahuat:0.5980338896587973)100.0:0.3992914589520016)99.5:0.002674651389201088"}