{"sim_score": 0.06450823357726856, "p_val": 0.0, "p_val_ls": 0.01, "tree": "(((((Bru-Ubon:0.5936554859094874,Bru-Talan:0.5936554859094874)100.0:0.23022945583793675,((Bahnar-Kontum:0.17265799106436153,Bahnar-Golar:0.17265799106436153)100.0:0.02220419599437451,Bahnar-Pleiku:0.19486218705873604)100.0:0.6290227546886881)100.0:0.05220609969107648,Mon:0.8760910414385006)100.0:0.008253163556733223,(Khmer-Surin:0.3427485944481019,Khmer-Standard:0.3427485944481019)100.0:0.5415956105471319)100.0:0.051147561427497656,Vietnamese:0.9354917664227315)100.0:0.06450823357726854"}