{"sim_score": 0.12256095616986286, "p_val": 0.0, "p_val_ls": 0.001, "tree": "(((((Bru-Ubon:0.5739676077330974,Bru-Talan:0.5739676077330974)100.0:0.26371040734679674,((Bahnar-Kontum:0.08837639680526099,Bahnar-Golar:0.08837639680526099)100.0:0.031773718301531084,Bahnar-Pleiku:0.12015011510679208)100.0:0.7175278999731021)100.0:0.008476421317822003,(Khmer-Standard:0.154281944493174,Khmer-Surin:0.154281944493174)100.0:0.6918724919045421)100.0:0.026127533686075566,Mon:0.8722819700837917)100.0:0.005157073746345442,Vietnamese:0.8774390438301372)100.0:0.12256095616986284"}