{"sim_score": 0.048024749596545395, "p_val": 0.0, "p_val_ls": 0.01, "tree": "((((((Bru-Ubon:0.6078045855613555,Bru-Talan:0.6078045855613555)100.0:0.21266773013393514,((Bahnar-Kontum:0.16636132832392236,Bahnar-Golar:0.16636132832392236)100.0:0.017094673898689905,Bahnar-Pleiku:0.18345600222261227)100.0:0.6370163134726784)100.0:0.05643503593828714,Mon:0.8769073516335778)100.0:0.003078389139365645,(Khmer-Surin:0.3476166355720709,Khmer-Standard:0.3476166355720709)100.0:0.5323691052008725)100.0:0.060677286018406384,((Santali:0.7851043916476501,Kharia:0.7851043916476501)100.0:0.07591069878580559,(Sora:0.6658284281013919,Gorum:0.6658284281013919)100.0:0.19518666233206383)100.0:0.07964793635789413)100.0:0.011312223612104821,Vietnamese:0.9519752504034547)100.0:0.048024749596545346"}