{"sim_score": 0.019309091110409418, "p_val": 0.0, "p_val_ls": 0.001, "tree": "(((((Khmer-Standard:0.33036580052789877,Khmer-Surin:0.33036580052789877)100.0:0.5801156282995242,Mon:0.910481428827423)100.0:0.008015473857182709,((Bru-Ubon:0.6570456143309362,Bru-Talan:0.6570456143309362)100.0:0.23848229301127521,((Bahnar-Kontum:0.08039410586879592,Bahnar-Golar:0.08039410586879592)100.0:0.049177255713371726,Bahnar-Pleiku:0.12957136158216764)100.0:0.7659565457600438)100.0:0.02296899534239427)100.0:0.05515544394653027,((Santali:0.8110212485383722,Kharia:0.8110212485383722)100.0:0.06528437418895217,(Sora:0.6808442222616014,Gorum:0.6808442222616014)100.0:0.19546140046572302)100.0:0.0973467239038116)100.0:0.0070385622584545615,Vietnamese:0.9806909088895905)100.0:0.01930909111040946"}