{"sim_score": 0.00488597172110685, "p_val": 0.063, "p_val_ls": 0.001, "tree": "(((((((KHMU:0.8252010804416338,MUNDARI:0.8252010804416338)100.0:0.029991304089236115,(RUC:0.7336015615850706,VIETNAMESE:0.7336015615850706)100.0:0.12159082294579926)100.0:0.022158316318423688,(((((CHRAU:0.6144346998804089,BAHNAR:0.6144346998804089)100.0:0.05784536262837159,JEH:0.6722800625087805)100.0:0.11493683668580423,(NYAKUR:0.5819069564066057,MON:0.5819069564066057)100.0:0.20530994278797898)100.0:0.018388817381613798,(KUI_THAILAND:0.7413071558972033,SEMAI:0.7413071558972033)100.0:0.0642985606789952)100.0:0.042942035499089704,KHMER:0.8485477520752882)100.0:0.028802948774005355)100.0:0.0379631197810566,(DEANG:0.6297442970474982,WA:0.6297442970474982)100.0:0.2855695235828519)100.0:0.01869040990329396,KSINMUL:0.9340042305336441)100.0:0.030753261073112048,KHASI:0.9647574916067562)99.9:0.030356536672137002,(((JalupaNahuat:0.3222880498284958,PajapanNahuat:0.3222880498284958)100.0:0.04550623327888392,(((((ProtoAztecan:0.07561779740594343,ClassicalNahuatl:0.07561779740594343)100.0:0.07386272740025279,NorthPueblaNahuatl:0.14948052480619622)100.0:0.02262474555179106,Pipil:0.17210527035798728)100.0:0.038733747732380364,MecayapanNahuat:0.21083901809036765)100.0:0.04215144984093899,TetelcingoNahuatl:0.25299046793130664)100.0:0.11480381517607308)100.0:0.05987235263678348,Pochutec:0.4276666357441632)100.0:0.56744739253473)93.7:0.00488597172110683"}