{"sim_score": 0.07350764791454033, "p_val": 0.0, "p_val_ls": 0.01, "tree": "((((((Bru-Ubon:0.5009238865545864,Bru-Talan:0.5009238865545864)100.0:0.2663867718263542,((Bahnar-Kontum:0.0745259141545439,Bahnar-Golar:0.0745259141545439)100.0:0.010937163287203622,Bahnar-Pleiku:0.08546307744174753)100.0:0.6818475809391931)100.0:0.05688204373196637,(Khmer-Surin:0.23363970663586553,Khmer-Standard:0.23363970663586553)100.0:0.5905529954770414)100.0:0.0295628511509346,Mon:0.8537555532638416)100.0:0.06566452334742401,Vietnamese:0.9194200766112656)100.0:0.00707227547419409,((Santali:0.7125873744171912,Kharia:0.7125873744171912)100.0:0.09740453112462155,(Sora:0.5856371009119538,Gorum:0.5856371009119538)100.0:0.22435480462985902)100.0:0.11650044654364689)100.0:0.07350764791454034"}