{"sim_score": 0.003232497438756769, "p_val": 0.0, "p_val_ls": 0.001, "tree": "(((((RUC:0.8877479841731296,VIETNAMESE:0.8877479841731296)100.0:0.029658327010933516,MUNDARI:0.9174063111840631)100.0:0.0386467663618697,KHASI:0.9560530775459328)100.0:0.007876396544377329,((((((NYAKUR:0.6561110496690512,MON:0.6561110496690512)100.0:0.20414795451758594,KHMER:0.8602590041866371)100.0:0.04557280625976923,(((BAHNAR:0.6410929312269265,JEH:0.6410929312269265)100.0:0.13857567842720242,CHRAU:0.7796686096541289)100.0:0.0801740797643693,KUI_THAILAND:0.8598426894184982)100.0:0.0459891210279082)100.0:0.023217841006727857,SEMAI:0.9290496514531342)100.0:0.007298853016169171,(KHMU:0.8883744722881881,KSINMUL:0.8883744722881881)100.0:0.04797403218111529)100.0:0.01869651149553553,(DEANG:0.7869979528761734,WA:0.7869979528761734)100.0:0.16804706308866557)100.0:0.008884458125471228)100.0:0.03283802847093309,(((((((((SACAPULTECO_SACAPULAS_CENTRO:0.34189957817855643,SIPAKAPENSE:0.34189957817855643)100.0:0.05428847088727784,(TZUTUJIL_SAN_JUAN_LA_LAGUNA:0.29719576318386765,SOUTHERN_CAKCHIQUEL_SAN_ANDRES_ITZAPA:0.29719576318386765)100.0:0.09899228588196662)100.0:0.03105099096606534,CENTRAL_QUICHE:0.4272390400318996)100.0:0.07430629510934239,USPANTEKO:0.501545335141242)100.0:0.13469133104453213,(POCOMAM_EASTERN:0.470669569530197,POQOMCHI_WESTERN:0.470669569530197)100.0:0.16556709665557712)100.0:0.08236224310653173,EASTERN_KEKCHI_CAHABON:0.7185989092923059)100.0:0.02957262239004066,(((AGUACATEC:0.6074412484163632,IXIL_CHAJUL:0.6074412484163632)100.0:0.03706383691178328,TECO_TECTITAN:0.6445050853281464)100.0:0.04681871187986808,MAM_NORTHERN:0.6913237972080145)100.0:0.056847734474332)100.0:0.07299627494796201,(((((CHONTAL_TABASCO:0.5014323020644877,CHOL_TUMBALA:0.5014323020644877)100.0:0.11727568031961588,CHORTI:0.6187079823841036)100.0:0.028100707678804904,(ZINACANTAN_TZOTZIL:0.483707978353917,TZELTAL_BACHAJON:0.483707978353917)100.0:0.16310071170899154)100.0:0.07454692914282657,(((MAYA_YUCATAN:0.3410145628051854,ITZAJ:0.3410145628051854)100.0:0.0861145995886271,LACANDON:0.4271291623938125)100.0:0.12248297400882036,MOPAN:0.5496121364026328)100.0:0.17174348280310225)100.0:0.017874862190304874,((CHUJ:0.6015071726897161,TOJOLABAL:0.6015071726897161)100.0:0.04642076244216553,(((ACATECO_SAN_MIGUEL_ACATAN:0.3986310846848721,QANJOBAL_SANTA_EULALIA:0.3986310846848721)100.0:0.14470495019451923,MOCHO:0.5433360348793913)100.0:0.024137195181886617,JACALTEC:0.5674732300612779)100.0:0.0804547050706037)100.0:0.09130254626415835)100.0:0.08193732523426855)100.0:0.05158613603664719,(CHICOMUCELTEC:0.41303854775507765,HUASTEC:0.41303854775507765)100.0:0.4597153949118781)100.0:0.12401355989428753)100.0:0.003232497438756754"}