{"sim_score": 0.006092134447698228, "p_val": 0.0, "p_val_ls": 0.01, "tree": "(((((KSINMUL:0.738642979808215,KHMU:0.738642979808215)100.0:0.11306476580627434,(WA:0.6223478494833559,DEANG:0.6223478494833559)100.0:0.2293598961311335)100.0:0.0035704468580902704,(((((NYAKUR:0.5282647131664796,MON:0.5282647131664796)100.0:0.2890259417400688,KHMER:0.8172906549065484)100.0:0.004293009908041823,(((JEH:0.5752636597766398,BAHNAR:0.5752636597766398)100.0:0.0725182393244993,CHRAU:0.6477818991011391)100.0:0.09400748123527547,KUI_THAILAND:0.7417893803364146)100.0:0.0797942844781756)100.0:0.019223146513815292,SEMAI:0.8408068113284055)100.0:0.008321957723852913,(VIETNAMESE:0.6979089494016926,RUC:0.6979089494016926)100.0:0.15121981965056586)100.0:0.0061494234203212095)100.0:0.0374743776709241,(MUNDARI:0.8497827447167898,KHASI:0.8497827447167898)100.0:0.042969825426713903)100.0:0.10115529540879808,(((((Pipil:0.36450049134517715,PajapanNahuat:0.36450049134517715)100.0:0.03745106841198986,MecayapanNahuat:0.401951559757167)100.0:0.05097035474318812,JalupaNahuat:0.4529219145003551)100.0:0.0397032798615754,(((NorthPueblaNahuatl:0.24003433725423762,ClassicalNahuatl:0.24003433725423762)100.0:0.03730103269878604,ProtoAztecan:0.27733536995302366)100.0:0.03629928001475746,TetelcingoNahuatl:0.3136346499677811)100.0:0.1789905443941494)100.0:0.10730247152540229,Pochutec:0.5999276658873328)100.0:0.393980199664969)100.0:0.006092134447698183"}