{"sim_score": 0.0283008200334768, "p_val": 0.0, "p_val_ls": 0.01, "tree": "(((MUNDARI:0.9078426399667918,KHASI:0.9078426399667918)100.0:0.012799172941445613,(((((KSINMUL:0.7949840496549652,KHMU:0.7949840496549652)100.0:0.08853987530063934,(VIETNAMESE:0.7611923065418109,RUC:0.7611923065418109)100.0:0.12233161841379359)100.0:0.0062213254224418035,(((((JEH:0.6630939121584251,BAHNAR:0.6630939121584251)100.0:0.0663710022275158,CHRAU:0.7294649143859409)100.0:0.08031177548345692,KUI_THAILAND:0.8097766898693978)100.0:0.04798623623231946,(NYAKUR:0.5972295970973265,MON:0.5972295970973265)100.0:0.26053332900439075)100.0:0.021014850000974583,SEMAI:0.8787777761026918)100.0:0.010967474275354494)100.0:0.004538578175410368,(WA:0.706751022781116,DEANG:0.706751022781116)100.0:0.18753280577234066)100.0:0.007614994368710271,KHMER:0.9018988229221669)100.0:0.01874298998607049)100.0:0.051057367058285785,((((((((((SIPAKAPENSE:0.4342854220765404,SACAPULTECO_SACAPULAS_CENTRO:0.4342854220765404)100.0:0.024527040652865262,(TZUTUJIL_SAN_JUAN_LA_LAGUNA:0.39672533007041155,SOUTHERN_CAKCHIQUEL_SAN_ANDRES_ITZAPA:0.39672533007041155)100.0:0.062087132658994126)100.0:0.02000538037800026,CENTRAL_QUICHE:0.47881784310740594)100.0:0.024421375619549934,USPANTEKO:0.5032392187269559)100.0:0.11676605604923185,(POQOMCHI_WESTERN:0.45819708369315904,POCOMAM_EASTERN:0.45819708369315904)100.0:0.16180819108302869)100.0:0.10172467071446067,EASTERN_KEKCHI_CAHABON:0.7217299454906484)100.0:0.029881925142846044,((TOJOLABAL:0.6309835621585977,CHUJ:0.6309835621585977)100.0:0.0633034443936682,(((QANJOBAL_SANTA_EULALIA:0.3305497167753222,ACATECO_SAN_MIGUEL_ACATAN:0.3305497167753222)100.0:0.22898778883813886,MOCHO:0.559537505613461)100.0:0.015346117052029262,JACALTEC:0.5748836226654903)100.0:0.11940338388677563)100.0:0.0573248640812285)100.0:0.01218215908564746,((IXIL_CHAJUL:0.6902507889755658,AGUACATEC:0.6902507889755658)100.0:0.022300976940206718,(TECO_TECTITAN:0.6263696033628846,MAM_NORTHERN:0.6263696033628846)100.0:0.08618216255288791)100.0:0.05124226380336938)100.0:0.056916988807155455,((((CHONTAL_TABASCO:0.5977743562736166,CHOL_TUMBALA:0.5977743562736166)100.0:0.01971638210039761,CHORTI:0.6174907383740142)100.0:0.09792457558287959,(ZINACANTAN_TZOTZIL:0.5555004218309625,TZELTAL_BACHAJON:0.5555004218309625)100.0:0.15991489212593135)100.0:0.048175630745252884,(((MAYA_YUCATAN:0.41345259969015813,ITZAJ:0.41345259969015813)100.0:0.09886773766229684,LACANDON:0.512320337352455)100.0:0.029619061195767182,MOPAN:0.5419393985482222)100.0:0.22165154615392457)100.0:0.05712007382415063)100.0:0.049836187134323806,(HUASTEC:0.4473781762344349,CHICOMUCELTEC:0.4473781762344349)100.0:0.4231690294261863)100.0:0.10115197430590206)100.0:0.02830082003347678"}