{"sim_score": 0.015193584395734523, "p_val": 0.0, "p_val_ls": 0.01, "tree": "(((((KSINMUL:0.7361207094366358,KHMU:0.7361207094366358)100.0:0.11525499551981477,(WA:0.6232969220591074,DEANG:0.6232969220591074)100.0:0.22807878289734318)100.0:0.004337709932983991,(((((NYAKUR:0.5271765760370376,MON:0.5271765760370376)100.0:0.28996720305276513,KHMER:0.8171437790898027)100.0:0.004402874856264449,(((JEH:0.5747040706418227,BAHNAR:0.5747040706418227)100.0:0.06658487918479561,CHRAU:0.6412889498266183)100.0:0.10290261067643369,KUI_THAILAND:0.744191560503052)100.0:0.07735509344301517)100.0:0.01980104451715381,SEMAI:0.841347698463221)100.0:0.006294282299367793,(VIETNAMESE:0.7014878525023154,RUC:0.7014878525023154)100.0:0.1461541282602734)100.0:0.008071434126845745)100.0:0.03706505133570348,(MUNDARI:0.8528943324329618,KHASI:0.8528943324329618)100.0:0.03988413379217626)100.0:0.0920279493791275,(((((((POQOMCHI_WESTERN:0.4188420856892726,POCOMAM_EASTERN:0.4188420856892726)100.0:0.13391676662060892,((((SIPAKAPENSE:0.30060824609413994,SACAPULTECO_SACAPULAS_CENTRO:0.30060824609413994)100.0:0.04479431444921733,CENTRAL_QUICHE:0.3454025605433573)100.0:0.015675738392350258,(TZUTUJIL_SAN_JUAN_LA_LAGUNA:0.23453848624416085,SOUTHERN_CAKCHIQUEL_SAN_ANDRES_ITZAPA:0.23453848624416085)100.0:0.12653981269154668)100.0:0.026130968002482824,USPANTEKO:0.38720926693819036)100.0:0.16554958537169118)100.0:0.08853913765442967,EASTERN_KEKCHI_CAHABON:0.6412979899643112)100.0:0.03300755600023231,((IXIL_CHAJUL:0.5762981949084109,AGUACATEC:0.5762981949084109)100.0:0.02192980245570919,(TECO_TECTITAN:0.5469177966869054,MAM_NORTHERN:0.5469177966869054)100.0:0.0513102006772147)100.0:0.07607754860042337)100.0:0.033419526012589795,((TOJOLABAL:0.5567776266324248,CHUJ:0.5567776266324248)100.0:0.04956507765165885,((MOCHO:0.47897496727023336,JACALTEC:0.47897496727023336)100.0:0.006566308421666167,(QANJOBAL_SANTA_EULALIA:0.27854631605143276,ACATECO_SAN_MIGUEL_ACATAN:0.27854631605143276)100.0:0.20699495964046677)100.0:0.12080142859218412)100.0:0.10138236769304965)100.0:0.06490530267474914,((((CHONTAL_TABASCO:0.49431240766331597,CHOL_TUMBALA:0.49431240766331597)100.0:0.043108067089060786,CHORTI:0.5374204747523768)100.0:0.09534680754944502,(ZINACANTAN_TZOTZIL:0.47251844984168445,TZELTAL_BACHAJON:0.47251844984168445)100.0:0.16024883246013732)100.0:0.05756055025605855,(((MAYA_YUCATAN:0.3037491699320438,ITZAJ:0.3037491699320438)100.0:0.15379035565035848,LACANDON:0.4575395255824023)100.0:0.03259699063434107,MOPAN:0.49013651621674337)100.0:0.20019131634113696)100.0:0.08230254209400212)100.0:0.04562451488865937,(HUASTEC:0.3721739761715853,CHICOMUCELTEC:0.3721739761715853)100.0:0.4460809133689565)100.0:0.1665515260637237)100.0:0.015193584395734483"}