{"sim_score": 0.01904955952613505, "p_val": 0.0, "p_val_ls": 0.001, "tree": "((((Khmer-Standard:0.33036521863284507,Khmer-Surin:0.33036521863284507)100.0:0.5798253161735478,Mon:0.9101905348063929)100.0:0.008418170274730907,((Bru-Ubon:0.6568045774417783,Bru-Talan:0.6568045774417783)100.0:0.23867733359490528,((Bahnar-Kontum:0.08035093220462552,Bahnar-Golar:0.08035093220462552)100.0:0.049108612804785956,Bahnar-Pleiku:0.12945954500941148)100.0:0.7660223660272721)100.0:0.02312679404444018)100.0:0.06234173539274113,Vietnamese:0.9809504404738649)100.0:0.019049559526135074"}