{"sim_score": 0.007204366902304115, "p_val": 0.0, "p_val_ls": 0.001, "tree": "(((((((KHMU:0.8236344747580824,MUNDARI:0.8236344747580824)100.0:0.03191330370894252,(RUC:0.7331726084299814,VIETNAMESE:0.7331726084299814)100.0:0.12237517003704346)100.0:0.021637915593227697,(((((CHRAU:0.6145895880952303,BAHNAR:0.6145895880952303)100.0:0.058151620864053344,JEH:0.6727412089592837)100.0:0.11334144152578829,(NYAKUR:0.5843351961962003,MON:0.5843351961962003)100.0:0.20174745428887164)100.0:0.019813028520645815,(KUI_THAILAND:0.7404406609236269,SEMAI:0.7404406609236269)100.0:0.06545501808209087)100.0:0.04339033383520652,KHMER:0.8492860128409243)100.0:0.027899681219328287)100.0:0.03833474431328543,(DEANG:0.627386341114422,WA:0.627386341114422)100.0:0.288134097259116)100.0:0.019100966856730017,KSINMUL:0.934621405230268)100.0:0.029836196013640848,KHASI:0.9644576012439089)100.0:0.028338031853787027,((((((CHONTAL_TABASCO:0.42575746350403787,CHOL_TUMBALA:0.42575746350403787)100.0:0.056477229160896036,CHORTI:0.4822346926649339)100.0:0.12140323948739506,(((LACANDON:0.261763603817452,MAYA_YUCATAN:0.261763603817452)100.0:0.03382807971473112,ITZAJ:0.2955916835321831)100.0:0.07641229410786132,MOPAN:0.37200397764004445)100.0:0.23163395451228452)100.0:0.04103586108624968,((((MOCHO:0.35765019530688524,JACALTEC:0.35765019530688524)100.0:0.07733929590752575,(ACATECO_SAN_MIGUEL_ACATAN:0.26182043723351167,QANJOBAL_SANTA_EULALIA:0.26182043723351167)100.0:0.17316905398089932)100.0:0.06767721636456647,CHUJ:0.5026667075789775)100.0:0.05968728379230348,((ZINACANTAN_TZOTZIL:0.36657743317070524,TZELTAL_BACHAJON:0.36657743317070524)100.0:0.05115804889019049,TOJOLABAL:0.4177354820608957)100.0:0.14461850931038522)100.0:0.0823198018672977)100.0:0.10177780140556125,(CHICOMUCELTEC:0.3374230559190312,HUASTEC:0.3374230559190312)100.0:0.4090285387251087)100.0:0.022475928808881274,(((((((CENTRAL_QUICHE:0.3191231832254783,SIPAKAPENSE:0.3191231832254783)100.0:0.011792405727656274,SACAPULTECO_SACAPULAS_CENTRO:0.33091558895313455)100.0:0.037261295107322456,(TZUTUJIL_SAN_JUAN_LA_LAGUNA:0.24190531106105728,SOUTHERN_CAKCHIQUEL_SAN_ANDRES_ITZAPA:0.24190531106105728)100.0:0.12627157299939973)100.0:0.018624907309872207,USPANTEKO:0.3868017913703292)100.0:0.1162750989445509,(POCOMAM_EASTERN:0.2871823087385932,POQOMCHI_WESTERN:0.2871823087385932)100.0:0.21589458157628694)100.0:0.14509368389377553,EASTERN_KEKCHI_CAHABON:0.6481705742086556)100.0:0.051165431738967815,(((AGUACATEC:0.5567498012522749,IXIL_CHAJUL:0.5567498012522749)100.0:0.027813199133433275,TECO_TECTITAN:0.5845630003857082)100.0:0.057741111122492916,MAM_NORTHERN:0.6423041115082011)100.0:0.05703189443942236)100.0:0.06959151750539772)100.0:0.22386810964467474)100.0:0.007204366902304082"}