{"sim_score": 0.01811430135038211, "p_val": 0.0, "p_val_ls": 0.01, "tree": "(((MUNDARI:0.9106571973154063,KHASI:0.9106571973154063)100.0:0.010874231683880686,(((((KSINMUL:0.7983289034023993,KHMU:0.7983289034023993)100.0:0.08644316770862615,(VIETNAMESE:0.7575978381092346,RUC:0.7575978381092346)100.0:0.12717423300179076)100.0:0.005404789888088457,(((((JEH:0.6712866225072625,BAHNAR:0.6712866225072625)100.0:0.05669591535924212,CHRAU:0.7279825378665046)100.0:0.08126759621490365,KUI_THAILAND:0.8092501340814082)100.0:0.051670668662585184,(NYAKUR:0.6003783188634657,MON:0.6003783188634657)100.0:0.2605424838805277)100.0:0.018308813622828102,SEMAI:0.8792296163668215)100.0:0.010947244632292352)100.0:0.002797080181910716,(WA:0.6998092682787654,DEANG:0.6998092682787654)100.0:0.19316467290225914)100.0:0.010697854213758795,KHMER:0.9036717953947834)100.0:0.0178596336045036)100.0:0.06035426965033086,(((((Pipil:0.3857446002837227,MecayapanNahuat:0.3857446002837227)100.0:0.026655812309062,PajapanNahuat:0.4124004125927847)100.0:0.0912432060849977,JalupaNahuat:0.5036436186777824)100.0:0.07028419655255536,((TetelcingoNahuatl:0.3703810927950102,NorthPueblaNahuatl:0.3703810927950102)100.0:0.04914538081696418,(ProtoAztecan:0.32936141682225983,ClassicalNahuatl:0.32936141682225983)100.0:0.09016505678971454)100.0:0.15440134161836339)100.0:0.1168019262716119,Pochutec:0.6907297415019497)100.0:0.2911559571476682)100.0:0.018114301350382167"}