{"sim_score": 0.08698393246926453, "p_val": 0.0, "p_val_ls": 0.01, "tree": "(((((Bru-Ubon:0.512787335749516,Bru-Talan:0.512787335749516)100.0:0.26246134013874534,((Bahnar-Kontum:0.07685673631008139,Bahnar-Golar:0.07685673631008139)100.0:0.011488366994020893,Bahnar-Pleiku:0.08834510330410228)100.0:0.686903572584159)100.0:0.05077880069477392,(Khmer-Surin:0.23491880029854895,Khmer-Standard:0.23491880029854895)100.0:0.5911086762844863)100.0:0.026420189871226962,Mon:0.8524476664542622)100.0:0.06056840107647332,Vietnamese:0.9130160675307355)100.0:0.0869839324692645"}