{"sim_score": 0.12380472266235212, "p_val": 0.0, "p_val_ls": 0.001, "tree": "((Santali:0.8113122431846856,Kharia:0.8113122431846856)100.0:0.06488303415296226,(Sora:0.6807801007020462,Gorum:0.6807801007020462)100.0:0.1954151766356017)100.0:0.1238047226623521"}