{"sim_score": 0.24253355594896567, "p_val": 0.0, "p_val_ls": 0.001, "tree": "((Santali:0.6818189910871522,Kharia:0.6818189910871522)100.0:0.0756474529638822,(Sora:0.5251414215449361,Gorum:0.5251414215449361)100.0:0.2323250225060982)100.0:0.24253355594896564"}