{"sim_score": 0.18724350783384328, "p_val": 0.0, "p_val_ls": 0.01, "tree": "((Santali:0.7100363030095422,Kharia:0.7100363030095422)100.0:0.10272018915661452,(Sora:0.5888993638292519,Gorum:0.5888993638292519)100.0:0.22385712833690485)100.0:0.18724350783384325"}