{"sim_score": 0.13823754734395577, "p_val": 0.0, "p_val_ls": 0.01, "tree": "((Santali:0.775520007532595,Kharia:0.775520007532595)100.0:0.08624244512344925,(Sora:0.6760870796630502,Gorum:0.6760870796630502)100.0:0.18567537299299408)100.0:0.13823754734395577"}