{"sim_score": 0.002189127085986447, "p_val": 0.197, "p_val_ls": 0.001, "tree": "((((((((Pali:0.5468627932416825,Sanskrit:0.5468627932416825)100.0:0.33652868679622916,Middle_Persian:0.8833914800379117)100.0:0.028688307739658137,Old_Church_Slavonic:0.9120797877775698)100.0:0.019857368846564416,(((Old_French:0.6047928445797417,Latin:0.6047928445797417)100.0:0.28409854470698126,Old_Irish:0.888891389286723)100.0:0.0056920850557368174,((Old_English:0.5145598300297658,Old_High_German:0.5145598300297658)100.0:0.09495242227009348,Old_Norse:0.6095122522998593)100.0:0.2850712220426005)100.0:0.03735368228167446)100.0:0.02605922942728034,Greek_Anc:0.9579963860514146)100.0:0.013672330752009465,Armenian:0.971668716803424)100.0:0.010937139766278636,(((Old_Tamil:0.4172683030237839,Old_Malayalam:0.4172683030237839)100.0:0.19321277694930428,Old_Kannada:0.6104810799730882)100.0:0.09722389379514351,Old_Telugu:0.7077049737682317)100.0:0.27490088280147096)100.0:0.015205016344310929,Georgian:0.9978108729140136)80.3:0.0021891270859863976"}