{"sim_score": 0.0067440562876084735, "p_val": 0.01, "p_val_ls": 0.01, "tree": "((((((((Old_French:0.6481232798830051,Latin:0.6481232798830051)100.0:0.2229680159988512,Old_Irish:0.8710912958818563)100.0:0.023242459635158474,((Old_High_German:0.4916936286789867,Old_English:0.4916936286789867)100.0:0.10540838367413297,Old_Norse:0.5971020123531197)100.0:0.2972317431638951)100.0:0.021100372719715765,Greek_Anc:0.9154341282367305)100.0:0.002050115960439025,(((Sanskrit:0.5025524388910985,Pali:0.5025524388910985)100.0:0.338460646627907,Old_Church_Slavonic:0.8410130855190054)100.0:0.02944612255246759,Middle_Persian:0.870459208071473)100.0:0.04702503612569653)100.0:0.026396697995223817,Armenian:0.9438809421923934)100.0:0.03200814127131746,(((Old_Tamil:0.4439988486281009,Old_Malayalam:0.4439988486281009)100.0:0.13657926530048115,Old_Kannada:0.580578113928582)100.0:0.12207436130006288,Old_Telugu:0.7026524752286449)100.0:0.2732366082350659)100.0:0.017366860248680727,Georgian:0.9932559437123916)99.0:0.006744056287608435"}