{"sim_score": 0.014484263827147396, "p_val": 0.0, "p_val_ls": 0.01, "tree": "((((((((Sanskrit:0.6202043020760899,Pali:0.6202043020760899)100.0:0.2898213463810212,Middle_Persian:0.9100256484571111)100.0:0.025400826839246715,Old_Church_Slavonic:0.9354264752963578)100.0:0.01493423154237361,(((Old_French:0.7562901997351199,Latin:0.7562901997351199)100.0:0.17111048746475943,Old_Irish:0.9274006871998793)100.0:0.007482778328190665,((Old_High_German:0.5997901214161476,Old_English:0.5997901214161476)100.0:0.10613244018323442,Old_Norse:0.705922561599382)100.0:0.22896090392868795)100.0:0.015477241310661416)100.0:0.002736394305547618,Greek_Anc:0.953097101144279)100.0:0.01162559766783533,Armenian:0.9647226988121144)100.0:0.010760743812296858,(((Old_Tamil:0.5323834383227634,Old_Malayalam:0.5323834383227634)100.0:0.1587321272309996,Old_Kannada:0.691115565553763)100.0:0.10777475497841882,Old_Telugu:0.7988903205321818)100.0:0.17659312209222944)100.0:0.010032293548441373,Georgian:0.9855157361728526)100.0:0.014484263827147403"}