{"sim_score": 0.03831334562578671, "p_val": 0.0, "p_val_ls": 0.001, "tree": "(((((Old_Tamil:0.33112261123127973,Old_Malayalam:0.33112261123127973)100.0:0.13778678732626648,Old_Kannada:0.4689093985575462)100.0:0.09145503864662763,Old_Telugu:0.5603644372041738)100.0:0.3849524540603113,Georgian:0.9453168912644851)100.0:0.016369763109728153,((Greek_Anc:0.9047769693136178,Armenian:0.9047769693136178)99.9:0.023639779136791716,((((Pali:0.2932880712885244,Sanskrit:0.2932880712885244)100.0:0.4371902560032048,Middle_Persian:0.7304783272917292)100.0:0.10189437571200721,((Old_English:0.3636341597936844,Old_High_German:0.3636341597936844)100.0:0.04377707624402616,Old_Norse:0.40741123603771057)100.0:0.4249614669660259)100.0:0.010645161161062622,(((Old_French:0.4044124509267901,Latin:0.4044124509267901)100.0:0.39202641775980973,Old_Church_Slavonic:0.7964388686865999)100.0:0.022935585247260692,Old_Irish:0.8193744539338605)100.0:0.023643410230938522)100.0:0.08539888428561049)100.0:0.033269905923803744)100.0:0.0383133456257867"}