{"sim_score": 0.40214406256178176, "p_val": 0.0, "p_val_ls": 0.001, "tree": "((((PajapanNahuat:0.3648787607396985,MecayapanNahuat:0.3648787607396985)100.0:0.06779975227139334,(((NorthPueblaNahuatl:0.21661909638689247,TetelcingoNahuatl:0.21661909638689247)100.0:0.02302294608892186,(ProtoAztecan:0.15283703750964106,ClassicalNahuatl:0.15283703750964106)100.0:0.08680500496617327)100.0:0.08046041438646356,Pipil:0.3201024568622779)100.0:0.11257605614881394)100.0:0.12684812460300943,Pochutec:0.5595266376141013)100.0:0.038329299824116925,JalupaNahuat:0.5978559374382182)100.0:0.4021440625617818"}