{"sim_score": 0.5723747255876331, "p_val": 0.0, "p_val_ls": 0.001, "tree": "(((JalupaNahuat:0.32257980757401283,PajapanNahuat:0.32257980757401283)100.0:0.04506607042312705,(((((ProtoAztecan:0.07572430295893917,ClassicalNahuatl:0.07572430295893917)100.0:0.07369882706295583,NorthPueblaNahuatl:0.149423130021895)100.0:0.022794075323519625,Pipil:0.17221720534541463)100.0:0.03833182536035196,MecayapanNahuat:0.21054903070576658)100.0:0.04248131895372076,TetelcingoNahuatl:0.25303034965948734)100.0:0.11461552833765254)100.0:0.05997939641522698,Pochutec:0.42762527441236686)100.0:0.5723747255876331"}