{"sim_score": 0.30563446404608097, "p_val": 0.0, "p_val_ls": 0.01, "tree": "(((((Pipil:0.41981906973205696,MecayapanNahuat:0.41981906973205696)100.0:0.0013825399572712227,PajapanNahuat:0.4212016096893282)100.0:0.09565080550540472,JalupaNahuat:0.5168524151947329)100.0:0.055802546250063645,((TetelcingoNahuatl:0.36866783321330476,NorthPueblaNahuatl:0.36866783321330476)100.0:0.05146973703032631,(ProtoAztecan:0.3451612064621551,ClassicalNahuatl:0.3451612064621551)100.0:0.07497636378147599)100.0:0.15251739120116548)100.0:0.12171057450912248,Pochutec:0.694365535953919)100.0:0.30563446404608097"}