{"sim_score": 0.40019168656499843, "p_val": 0.0, "p_val_ls": 0.01, "tree": "(((((Pipil:0.3642600622378528,PajapanNahuat:0.3642600622378528)100.0:0.03613018659194933,MecayapanNahuat:0.4003902488298021)100.0:0.052384787790553444,JalupaNahuat:0.45277503662035556)100.0:0.039658709899848654,(((NorthPueblaNahuatl:0.23986892773436685,ClassicalNahuatl:0.23986892773436685)100.0:0.03757437774221006,ProtoAztecan:0.2774433054765769)100.0:0.035876954397702554,TetelcingoNahuatl:0.31332025987427947)100.0:0.17911348664592475)100.0:0.10737456691479741,Pochutec:0.5998083134350016)100.0:0.4001916865649984"}